CustomerID,FullName,Gender,Region,CustomerSegment,SignupDate
C10001,Margaret Johnson,Female,Northeast,New,2023-10-09
C10002,Daniel Doyle,Male,Northeast,New,2025-05-17
C10003,Patricia Miller,Non-binary,Northeast,Returning,2024-05-11
C10004,Amanda Robinson,Female,Northeast,New,2024-09-09
C10005,Anthony Gonzalez,Non-binary,Northeast,New,2025-04-08
C10006,Amy Robinson,Non-binary,Southeast,Returning,2025-01-10
C10007,Rhonda Smith,Female,West,New,2025-11-22
C10008,Michael Peterson,Male,West,Returning,2023-04-18
C10009,Tyler Rogers,Male,Northeast,Loyalty,2023-01-16
C10010,Anne Abbott,Female,Northeast,New,2025-01-31
C10011,Renee Blair,Female,Midwest,Loyalty,2024-10-24
C10012,William Gray,Male,Midwest,Loyalty,2024-11-16
C10013,Ronald Montgomery,Male,Northeast,Returning,2026-02-12
C10014,Barbara Bush,Non-binary,Online-only,Returning,2022-11-08
C10015,Darren Roberts,Male,West,New,2022-12-28
C10016,David Garcia,Male,West,Loyalty,2023-10-13
C10017,Mark Diaz,Male,Online-only,Returning,2024-02-25
C10018,Daniel Adams,Male,West,Returning,2026-06-01
C10019,Maria Lynch,Female,Southeast,Returning,2023-05-10
C10020,Monica Martin,Female,Midwest,New,2024-03-10
C10021,William Bowman,Male,Northeast,Returning,2024-11-24
C10022,Gabrielle Cameron,Non-binary,Northeast,Returning,2025-10-09
C10023,Crystal Johnson,Female,Southeast,New,2023-12-07
C10024,Debra Clark,Female,Southeast,New,2026-06-10
C10025,Nancy Edwards,Non-binary,Online-only,Returning,2025-04-16
C10026,James Rocha,Male,Southeast,Loyalty,2024-07-03
C10027,Derek Wright,Male,Northeast,New,2024-11-30
C10028,Jose Richards,Non-binary,Midwest,Returning,2026-04-05
C10029,James Robinson,Male,Online-only,Returning,2026-08-29
C10030,Jordan Davis,Male,Online-only,New,2022-11-10
C10031,Brian Burton,Male,Northeast,New,2025-11-02
C10032,Jennifer Brown,Female,Northeast,New,2024-03-13
C10033,Zachary Rice,Male,Midwest,Returning,2026-07-21
C10034,Michelle Smith,Non-binary,Online-only,Returning,2025-07-21
C10035,Erin Herrera,Non-binary,Online-only,New,2023-09-27
C10036,Margaret Rodriguez,Female,West,Returning,2024-05-29
C10037,Jody Mckay,Female,West,Returning,2026-03-04
C10038,Deborah Mason,Female,Midwest,Returning,2023-05-21
C10039,Susan Harrell,Female,Online-only,Loyalty,2023-11-12
C10040,Danielle Lynch,Non-binary,Online-only,Loyalty,2023-04-14
C10041,Pamela Ryan,Female,West,Returning,2025-10-13
C10042,Joseph Smith,Male,Northeast,Loyalty,2023-12-20
C10043,Andrew Hickman,Non-binary,Online-only,Loyalty,2026-03-08
C10044,Sandra Parker,Female,Midwest,Returning,2022-11-26
C10045,Sherry Arroyo,Female,Online-only,Loyalty,2023-01-06
C10046,Katelyn Jones,Female,Southeast,New,2025-09-17
C10047,Katie Anderson,Non-binary,Online-only,New,2024-07-27
C10048,Joshua Baker,Male,West,Loyalty,2026-02-27
C10049,Rodney Lewis,Non-binary,West,New,2024-10-29
C10050,Nicholas Harris,Male,Online-only,New,2023-12-02
C10051,Wanda Santos,Non-binary,Online-only,Returning,2024-06-03
C10052,Joseph Martinez,Male,Online-only,Loyalty,2023-07-28
C10053,George Chapman,Male,West,Returning,2023-08-04
C10054,Connie Jones,Female,Midwest,Returning,2025-03-12
C10055,Crystal Whitehead,Female,Southeast,New,2026-02-09
C10056,Andrea Young,Female,Midwest,New,2025-05-06
C10057,Daniel Anderson,Male,Northeast,Returning,2026-05-30
C10058,Laura Kennedy,Female,Southeast,Loyalty,2025-10-22
C10059,Rhonda Lee,Female,Northeast,New,2023-01-22
C10060,Jeffrey Henderson,Male,Northeast,New,2024-07-15
C10061,Jessica Nunez,Non-binary,Midwest,New,2026-08-09
C10062,Brett Powell,Male,West,New,2024-01-11
C10063,Shannon Wright,Female,West,Returning,2023-06-07
C10064,Jerry Henderson,Male,Midwest,Returning,2023-10-14
C10065,Danielle Leblanc,Female,Northeast,Returning,2024-06-10
C10066,Shannon Pierce,Female,Southeast,New,2022-11-15
C10067,Zachary Huff,Male,Northeast,New,2026-07-18
C10068,Timothy Allison,Male,Southeast,Loyalty,2023-05-03
C10069,John Lewis,Male,West,Loyalty,2024-04-10
C10070,Amy Gray,Female,Northeast,Loyalty,2026-08-11
C10071,Deborah Bowers,Female,Online-only,Loyalty,2024-06-28
C10072,Jay Bernard,Male,Northeast,Returning,2026-08-26
C10073,Justin Higgins,Male,Online-only,Loyalty,2023-04-17
C10074,Edward Novak,Male,Southeast,Loyalty,2024-12-26
C10075,Kimberly Adkins,Female,Online-only,Loyalty,2022-11-25
C10076,Lauren Shaw,Female,Midwest,Loyalty,2026-01-29
C10077,Eric Yu,Non-binary,West,Returning,2022-12-28
C10078,Cody Larson,Male,Southeast,Loyalty,2025-05-15
C10079,Joe Wilson,Non-binary,West,New,2026-03-25
C10080,Danielle Wheeler,Female,Northeast,Returning,2025-02-23
C10081,Robert Silva,Non-binary,Online-only,Returning,2024-10-05
C10082,Taylor Harris,Female,Online-only,New,2025-07-14
C10083,David Foster,Male,Northeast,New,2025-05-10
C10084,Elijah Stewart,Male,Southeast,Loyalty,2025-09-04
C10085,Charles Ellis,Non-binary,Southeast,Returning,2026-08-30
C10086,Wendy Jones,Non-binary,Northeast,Returning,2023-07-11
C10087,Joseph Mahoney,Non-binary,Midwest,Loyalty,2026-03-12
C10088,Shawn Wood,Male,West,Returning,2023-04-21
C10089,Sandra Warner,Female,Southeast,Returning,2025-02-12
C10090,Victoria Valdez,Female,Midwest,Loyalty,2022-09-14
C10091,Ruth Evans,Female,Northeast,Returning,2025-04-28
C10092,Sheila Taylor,Non-binary,Online-only,New,2023-02-18
C10093,Brian Tran,Male,Midwest,New,2023-10-05
C10094,Lisa Robbins,Female,Online-only,Loyalty,2023-06-27
C10095,Madison Baker,Female,Southeast,Returning,2024-08-16
C10096,Rebecca Mathis,Non-binary,West,Returning,2023-01-15
C10097,Rodney Hill,Non-binary,Northeast,Loyalty,2022-09-08
C10098,Patricia Walsh,Female,Online-only,New,2023-09-20
C10099,Patrick Arnold,Male,Southeast,Loyalty,2024-05-19
C10100,Alec Jones,Non-binary,Northeast,Returning,2026-03-15
C10101,Stuart Gardner,Male,West,New,2026-01-03
C10102,Lauren Hernandez,Female,Midwest,New,2023-03-08
C10103,Elizabeth Nolan,Female,Northeast,Returning,2025-11-08
C10104,Shannon Nolan,Female,Northeast,Returning,2023-07-06
C10105,David Garcia,Male,West,New,2025-10-15
C10106,Stephen Russell,Male,Midwest,Returning,2025-02-25
C10107,Brittany Spears,Female,Northeast,Loyalty,2026-02-16
C10108,William Cochran,Male,Midwest,Loyalty,2026-03-12
C10109,Angel Doyle,Non-binary,Midwest,Returning,2023-12-31
C10110,Tara Pham,Female,Southeast,Loyalty,2026-02-15
C10111,Rita Adams,Female,Online-only,New,2025-10-26
C10112,Brian Brennan,Male,West,Returning,2026-02-07
C10113,Jeffrey Velasquez,Non-binary,Online-only,Returning,2024-07-06
C10114,Kevin Pope,Non-binary,West,Loyalty,2023-08-01
C10115,Alexander Lee,Male,Online-only,Loyalty,2023-12-26
C10116,Sean Rasmussen,Male,Online-only,New,2023-10-15
C10117,Margaret Ross,Female,West,Returning,2026-08-05
C10118,Joshua Crosby,Male,Southeast,Loyalty,2023-02-18
C10119,Tracy White,Female,Southeast,New,2026-07-09
C10120,Derek Rodriguez,Male,Southeast,Loyalty,2024-05-29
C10121,Nicholas Edwards,Male,Southeast,Loyalty,2025-02-04
C10122,Jorge Cruz,Male,Southeast,Returning,2024-12-22
C10123,David Fletcher,Male,Southeast,Loyalty,2022-09-05
C10124,Tammy Ryan,Female,Southeast,Returning,2025-07-19
C10125,Judy Lambert,Non-binary,Southeast,New,2024-02-16
C10126,Andrea Beck,Female,Northeast,Loyalty,2023-12-29
C10127,Emily Charles,Female,Northeast,Returning,2025-07-19
C10128,Elizabeth Parker,Female,West,Returning,2024-04-21
C10129,Richard Phillips,Non-binary,Online-only,New,2023-03-07
C10130,Robert Bentley,Non-binary,Northeast,New,2025-05-18
C10131,Steven Gilbert,Male,Northeast,Loyalty,2023-11-16
C10132,Amy Smith,Non-binary,West,Loyalty,2023-10-26
C10133,Jeffrey Carpenter,Male,Southeast,New,2025-04-15
C10134,Julie Ramos,Female,West,Returning,2023-07-12
C10135,Kara Santana,Female,West,Returning,2025-11-08
C10136,Carolyn Miller,Female,West,Returning,2024-09-24
C10137,Mackenzie Rogers,Female,Midwest,New,2025-12-10
C10138,Paul Chambers,Male,West,Loyalty,2023-07-27
C10139,James Johnson,Non-binary,Midwest,Returning,2023-08-26
C10140,Karen Atkinson,Female,Southeast,New,2022-12-18
C10141,Robert Soto,Non-binary,Midwest,Returning,2023-06-13
C10142,Michael Snyder,Male,Midwest,New,2023-08-25
C10143,Matthew Smith,Male,West,Loyalty,2025-09-03
C10144,Randy Rodriguez,Male,West,Returning,2024-05-15
C10145,Gregory Rubio,Non-binary,Southeast,Loyalty,2024-09-28
C10146,Anthony Wright,Male,West,New,2026-01-23
C10147,Jesus Solis,Male,Northeast,New,2025-05-04
C10148,William Larson,Male,West,Loyalty,2026-06-21
C10149,Steven Salazar,Male,Southeast,Returning,2025-07-19
C10150,Jonathan Rivas,Male,West,Returning,2024-11-10
C10151,Steven Manning,Male,Southeast,Returning,2024-07-27
C10152,Deanna Wright,Female,Online-only,Loyalty,2025-03-21
C10153,Pamela Boyd,Female,West,New,2025-03-06
C10154,Joshua Jones,Non-binary,Midwest,Returning,2023-10-25
C10155,Denise Flores,Female,Midwest,Loyalty,2024-10-30
C10156,Devon Hall,Non-binary,Online-only,Returning,2025-06-12
C10157,Michael Brown,Male,West,Returning,2024-04-20
C10158,Amy Perry,Non-binary,Midwest,Loyalty,2023-07-01
C10159,Jason Stein,Male,Online-only,Returning,2025-01-02
C10160,Michael Gates,Male,Midwest,Loyalty,2025-09-24
C10161,Jamie Smith,Female,West,Returning,2024-01-29
C10162,Paul Castaneda,Male,Southeast,New,2026-06-26
C10163,Jennifer Adkins,Female,Southeast,Returning,2024-11-08
C10164,Carrie Walker,Non-binary,Northeast,New,2023-07-20
C10165,Jeffrey Johnson,Male,West,Returning,2024-01-06
C10166,Meghan Powell,Female,Southeast,Returning,2023-05-01
C10167,John Anderson,Male,Southeast,New,2025-02-27
C10168,Alexander Long,Male,Southeast,Loyalty,2024-12-05
C10169,Alyssa Day,Female,Online-only,Loyalty,2023-03-20
C10170,Joel Williams,Male,Midwest,Loyalty,2024-03-09
C10171,Christine Murphy,Female,West,Loyalty,2025-09-18
C10172,James Walton,Male,Midwest,Returning,2025-12-30
C10173,Johnny Miller,Non-binary,Online-only,Returning,2022-10-01
C10174,Kimberly Cooke,Female,Midwest,New,2024-01-26
C10175,Marie Harrington,Female,West,Loyalty,2025-04-11
C10176,Paul Herring,Male,West,Loyalty,2023-06-21
C10177,Andrew Hernandez,Non-binary,Midwest,Loyalty,2023-03-06
C10178,Elizabeth Elliott,Non-binary,Midwest,New,2023-07-18
C10179,Michael Wang,Male,Northeast,Returning,2023-05-05
C10180,Lisa Adkins,Female,Southeast,Returning,2023-02-17
C10181,Robert Oconnell,Male,Southeast,Loyalty,2023-02-07
C10182,Alexander Collins,Male,Southeast,Loyalty,2025-05-18
C10183,Tyler Sanders,Male,Southeast,New,2025-07-12
C10184,Angela Vaughn,Female,West,New,2025-03-06
C10185,Ashley Barton,Female,Southeast,New,2026-01-26
C10186,Lindsay Martinez,Female,West,Loyalty,2026-08-09
C10187,Richard Reed,Male,West,Returning,2024-05-20
C10188,Jacob Hunter,Male,Northeast,Returning,2024-01-14
C10189,Melissa Short,Non-binary,Online-only,Returning,2023-02-04
C10190,Tonya Reid,Female,West,New,2025-12-25
C10191,Jasmine Graham,Non-binary,Online-only,Returning,2025-08-09
C10192,Vincent Nelson,Male,Online-only,New,2025-11-25
C10193,Kimberly Webb,Female,Online-only,Returning,2024-05-30
C10194,Nicholas Adams,Male,Southeast,Returning,2026-01-28
C10195,Sandra Miller,Female,Midwest,Loyalty,2026-03-13
C10196,David Marshall,Male,Northeast,Loyalty,2025-02-10
C10197,Nicholas Johnson,Non-binary,West,Loyalty,2026-01-27
C10198,Hunter Lewis,Non-binary,West,Returning,2025-11-10
C10199,Gerald Beard,Male,West,New,2025-06-22
C10200,Desiree Smith,Female,Northeast,Returning,2026-06-18
C10201,Bradley Cortez,Male,Northeast,Loyalty,2024-08-16
C10202,Peter Vaughn,Male,West,Returning,2025-04-03
C10203,Travis Mcguire,Non-binary,Online-only,New,2023-01-16
C10204,Jeffrey Holt,Non-binary,West,Returning,2023-11-24
C10205,Bonnie Kennedy,Non-binary,Southeast,Loyalty,2024-10-17
C10206,Jessica Reese,Female,Southeast,Returning,2023-12-29
C10207,Michael Nelson,Male,Midwest,Returning,2023-09-05
C10208,Barbara Lee,Female,Northeast,Loyalty,2023-02-24
C10209,Joshua Gill,Male,Midwest,Returning,2023-05-31
C10210,Cindy Washington,Female,Southeast,Loyalty,2025-07-26
C10211,Vanessa Warren,Female,Midwest,Returning,2023-10-21
C10212,Brian Lee,Male,Northeast,Returning,2023-08-01
C10213,Christopher Smith,Male,Midwest,New,2024-10-21
C10214,Donald Mccann,Male,West,Returning,2024-11-18
C10215,Melissa Martinez,Female,Northeast,New,2026-02-21
C10216,John Salas,Male,Southeast,Returning,2024-12-19
C10217,John Alexander,Male,Midwest,Returning,2023-05-30
C10218,Brett Everett,Non-binary,Southeast,Returning,2024-07-31
C10219,Samantha Morales,Female,Southeast,New,2022-12-20
C10220,Mark Brown,Male,Southeast,Returning,2023-04-08
C10221,Justin Torres,Male,Northeast,Returning,2026-08-24
C10222,Bailey Duran,Female,West,Loyalty,2025-02-04
C10223,Krystal Perez,Non-binary,Midwest,Loyalty,2024-10-04
C10224,Jerry Ramos,Male,Southeast,Returning,2026-02-09
C10225,Wanda Torres,Female,Northeast,Returning,2025-02-25
C10226,Lisa Singh,Female,Northeast,New,2026-06-17
C10227,Christine Clark,Female,West,New,2025-04-24
C10228,Christopher Thompson,Male,Northeast,New,2022-12-21
C10229,April Hayes,Female,Midwest,Returning,2025-01-16
C10230,Eddie Hall,Male,Online-only,New,2025-07-01
C10231,Michael Gibson,Male,Northeast,New,2025-06-02
C10232,Thomas French,Male,Northeast,Returning,2025-03-03
C10233,Mary Peck,Female,Northeast,Loyalty,2024-05-15
C10234,Kimberly Holland,Female,Northeast,New,2026-04-21
C10235,Margaret Jones,Non-binary,West,Returning,2023-05-03
C10236,Kyle Curry,Non-binary,Southeast,Returning,2024-12-12
C10237,Dylan Martinez,Male,Online-only,Returning,2025-06-04
C10238,Holly Bender,Non-binary,Online-only,Returning,2024-09-02
C10239,Troy Miller,Non-binary,Northeast,Loyalty,2022-10-31
C10240,Jessica Morris,Female,Online-only,New,2023-09-03
C10241,Brandon Hayden,Male,Southeast,New,2026-01-05
C10242,Kenneth Sampson,Male,Northeast,New,2026-09-01
C10243,Megan Adams,Female,Southeast,Returning,2022-10-31
C10244,Peter Ruiz,Male,Southeast,New,2025-04-11
C10245,Sydney White,Female,West,Returning,2025-01-04
C10246,Mark Vasquez,Male,Online-only,Loyalty,2023-01-14
C10247,Michael Cook,Non-binary,West,Loyalty,2025-05-08
C10248,Scott Rivera,Male,Northeast,New,2025-06-11
C10249,Dwayne Landry,Male,Online-only,Loyalty,2025-12-03
C10250,Krista Gibson,Female,Northeast,Loyalty,2023-12-06
C10251,Marcus Cordova,Non-binary,West,Returning,2024-04-15
C10252,Kayla Travis,Female,Midwest,Returning,2025-04-20
C10253,Kimberly Gutierrez,Female,West,Loyalty,2023-06-03
C10254,Michael Avila,Non-binary,Midwest,Returning,2025-03-04
C10255,Kathleen Harris,Non-binary,Northeast,Returning,2024-11-12
C10256,Tanya Kim,Female,Midwest,New,2025-06-18
C10257,Bryan Dudley,Male,Online-only,Loyalty,2025-02-07
C10258,John Moore,Non-binary,Midwest,New,2024-11-15
C10259,Kristen Davis,Female,Midwest,Loyalty,2026-08-21
C10260,Thomas Murray,Male,Midwest,Returning,2023-02-21
C10261,Sandra Jimenez,Female,Northeast,Returning,2025-07-15
C10262,Jordan Hill,Male,Online-only,Returning,2026-01-03
C10263,William Sanchez,Male,Southeast,Returning,2024-11-15
C10264,James Weeks,Male,Southeast,Returning,2024-09-14
C10265,Sherry Shields,Female,West,Returning,2023-10-11
C10266,Kristy Perry,Non-binary,Northeast,New,2026-05-29
C10267,Katie Hoover,Female,Southeast,Loyalty,2023-10-20
C10268,Edwin Matthews,Male,Online-only,Loyalty,2026-08-31
C10269,Katherine Hernandez,Female,West,Returning,2024-10-28
C10270,Gregory Arnold,Male,Northeast,Returning,2024-11-04
C10271,Stanley Morris,Non-binary,West,Returning,2023-06-05
C10272,Melissa Armstrong,Female,Northeast,Returning,2023-08-10
C10273,Patricia Williams,Female,Midwest,Returning,2025-08-25
C10274,Michele Shepherd,Female,Northeast,Returning,2024-03-19
C10275,Matthew Hoover,Male,West,Returning,2026-08-04
C10276,Kathleen Johnson,Female,Midwest,New,2024-09-05
C10277,Leslie Kane,Female,Midwest,New,2026-03-02
C10278,Jeremiah Fox,Male,Midwest,Returning,2024-07-01
C10279,Jennifer Ortiz,Non-binary,West,Returning,2025-04-15
C10280,Christopher Harrison,Male,Online-only,New,2026-07-19
C10281,Matthew Schwartz,Non-binary,Northeast,New,2025-04-08
C10282,Melissa Phelps,Non-binary,Midwest,Loyalty,2026-02-08
C10283,Jamie Stewart,Female,Southeast,Loyalty,2025-07-18
C10284,Peter Brennan,Male,Southeast,Loyalty,2022-10-25
C10285,Andrea Welch,Female,West,Returning,2026-05-09
C10286,Yolanda Francis,Female,West,Returning,2024-05-28
C10287,Brett Schultz,Male,Online-only,Returning,2026-02-27
C10288,Jeremy Benson,Male,Southeast,Returning,2026-04-13
C10289,Brandon Flynn,Non-binary,Southeast,Loyalty,2023-11-05
C10290,James Thomas,Male,Online-only,New,2024-10-17
C10291,Keith Sparks,Male,Southeast,Loyalty,2023-05-09
C10292,Angela Pitts,Female,Southeast,Returning,2025-02-23
C10293,David Durham,Male,Southeast,Returning,2023-03-30
C10294,Joel King,Male,Midwest,New,2023-09-10
C10295,Albert Ballard,Non-binary,Online-only,Returning,2026-04-10
C10296,Megan Moore,Female,Online-only,Returning,2024-06-08
C10297,Michael Matthews,Non-binary,Online-only,New,2025-03-23
C10298,Jeff Wright,Male,Southeast,Returning,2026-01-19
C10299,Curtis Cruz,Male,Northeast,Loyalty,2024-08-08
C10300,Cynthia Armstrong,Female,Southeast,Returning,2024-12-20
C10301,Wendy Phillips,Female,Online-only,Loyalty,2026-07-31
C10302,Dominique Hill,Non-binary,Southeast,Returning,2024-12-07
C10303,Michael Garner,Male,Online-only,New,2022-11-13
C10304,Lisa Crawford,Female,Southeast,Returning,2026-04-15
C10305,Donna Lindsey,Female,Online-only,Returning,2025-02-05
C10306,Harold Fields,Male,Online-only,Loyalty,2025-02-25
C10307,Megan Le,Female,Midwest,Returning,2025-04-22
C10308,Sara Fuller,Female,Northeast,Loyalty,2026-04-13
C10309,Maria Parker,Female,Southeast,Returning,2024-06-07
C10310,Kevin Oconnor,Male,Midwest,Returning,2023-01-12
C10311,Edward Burgess,Male,Northeast,New,2023-05-17
C10312,Carlos Ryan,Male,West,New,2026-07-22
C10313,Alyssa Mcintyre,Non-binary,Northeast,Returning,2025-12-28
C10314,Dawn Summers,Female,Midwest,Returning,2024-08-06
C10315,Robert Francis,Male,Online-only,Returning,2024-01-10
C10316,Brian Mccarty,Male,Northeast,Loyalty,2023-03-27
C10317,Tammy Dalton,Non-binary,Southeast,Loyalty,2025-07-26
C10318,Veronica Coffey,Female,Midwest,Returning,2025-11-20
C10319,Jacob Gibbs,Male,Online-only,New,2022-09-23
C10320,Joshua Gibson,Male,Midwest,Returning,2025-05-12
C10321,Megan Richards,Female,Northeast,Loyalty,2025-12-16
C10322,Todd Rodriguez,Male,Southeast,Returning,2023-08-10
C10323,Allison Henson,Female,Online-only,Returning,2024-11-30
C10324,Suzanne Walker,Female,West,New,2022-12-04
C10325,Samantha Blankenship,Female,Northeast,New,2023-11-18
C10326,Jennifer Taylor,Female,West,Returning,2026-06-15
C10327,Eric Vasquez,Male,West,Loyalty,2023-01-22
C10328,Stacy Taylor,Female,Southeast,Returning,2024-06-26
C10329,Ellen Paul,Non-binary,Southeast,New,2026-06-15
C10330,Jennifer Newton,Female,Southeast,Returning,2023-04-16
C10331,Jason Garcia,Male,Northeast,Returning,2024-08-17
C10332,Jennifer Lynn,Female,Midwest,Loyalty,2022-10-20
C10333,Jacob Ramos,Male,Southeast,Loyalty,2026-06-21
C10334,Scott Garcia,Male,Online-only,Returning,2025-05-31
C10335,Kimberly Levine,Female,West,Returning,2024-02-08
C10336,Jennifer Lopez,Female,Northeast,Loyalty,2023-02-28
C10337,Ryan Gibson,Male,Online-only,Loyalty,2025-04-27
C10338,Maria Harper,Female,Northeast,Returning,2022-10-04
C10339,Rachel Sanchez,Female,Midwest,Returning,2023-03-05
C10340,Kristy Jones,Female,Midwest,Loyalty,2025-09-24
C10341,Christine Robinson,Female,Northeast,New,2026-02-23
C10342,Erin Hernandez,Female,West,Loyalty,2026-04-09
C10343,April Garrison,Female,Online-only,New,2023-04-02
C10344,Beverly King,Female,West,Returning,2023-05-15
C10345,Mary Johnson,Female,West,New,2022-09-24
C10346,Rachel Young,Female,Online-only,Returning,2023-12-19
C10347,Christopher Williams,Male,Northeast,New,2025-08-20
C10348,Alicia Reese,Non-binary,Northeast,Returning,2024-07-29
C10349,Kimberly Palmer,Non-binary,Southeast,Returning,2023-02-09
C10350,Jonathan Dougherty,Male,Online-only,Returning,2022-11-05
C10351,Richard Camacho,Male,West,Loyalty,2024-10-03
C10352,Judith Maynard,Female,Northeast,Returning,2022-11-30
C10353,John Morales,Male,Midwest,New,2025-05-31
C10354,Katherine Browning,Female,Northeast,Returning,2022-12-19
C10355,Christopher Franklin,Non-binary,Online-only,Returning,2022-12-07
C10356,Denise Schultz,Female,Southeast,New,2024-11-11
C10357,Erika Vang,Female,Online-only,Loyalty,2024-10-16
C10358,Jody Jacobs,Female,West,Returning,2023-01-25
C10359,Jacqueline Farrell,Non-binary,Online-only,New,2025-04-10
C10360,Patricia Le,Female,Southeast,New,2023-07-13
C10361,Shannon Perez,Non-binary,Northeast,Loyalty,2024-01-10
C10362,Shawn Perry,Non-binary,Northeast,New,2023-01-19
C10363,Jeffery Ortega,Male,Southeast,New,2024-03-02
C10364,Elijah Leblanc,Non-binary,Northeast,Loyalty,2022-12-10
C10365,Ronald Davis,Male,Online-only,Returning,2023-01-21
C10366,Parker Cain,Male,Northeast,Loyalty,2024-11-23
C10367,Kevin Hoffman,Male,Northeast,Loyalty,2023-12-28
C10368,Bryan Gomez,Male,Midwest,New,2025-05-01
C10369,Nicole Parrish,Female,Northeast,Returning,2025-07-21
C10370,Tanya Burke,Non-binary,Northeast,New,2024-01-29
C10371,Kenneth Lewis,Male,West,Returning,2025-04-18
C10372,Courtney Rodriguez,Female,Midwest,New,2026-01-19
C10373,Michael Farmer,Non-binary,Northeast,Loyalty,2024-12-19
C10374,Lindsay Bruce,Non-binary,Southeast,Returning,2026-07-26
C10375,Sabrina Austin,Female,Northeast,Returning,2025-03-29
C10376,Alexander Hickman,Male,Midwest,New,2025-12-27
C10377,Derek White,Male,Northeast,New,2025-06-24
C10378,Kyle Morgan,Non-binary,Northeast,New,2022-09-11
C10379,Molly Knight,Non-binary,West,Returning,2024-04-10
C10380,Brenda Schultz,Female,Southeast,Returning,2022-10-17
C10381,Nichole Lewis,Female,Midwest,Returning,2024-05-07
C10382,Glenda Wood,Female,West,New,2025-07-22
C10383,Kimberly Bradley,Non-binary,West,New,2023-01-05
C10384,Anthony Moore,Male,Online-only,Returning,2025-02-21
C10385,Michael Nelson,Male,Southeast,Returning,2025-04-26
C10386,Karla Ramos,Female,Midwest,Returning,2023-10-06
C10387,Nicole Wilson,Female,Online-only,Returning,2024-05-22
C10388,Douglas Gregory,Male,Northeast,Loyalty,2024-08-13
C10389,Mary Williams,Female,Midwest,Returning,2024-04-02
C10390,Linda Smith,Female,West,Returning,2023-11-17
C10391,Jason Taylor,Non-binary,Online-only,Returning,2023-09-11
C10392,Erin Smith,Female,Southeast,Loyalty,2025-08-28
C10393,Christopher James,Male,Online-only,Returning,2025-06-26
C10394,Kathryn Whitaker,Female,Midwest,Returning,2025-11-23
C10395,Charles Hensley,Non-binary,Midwest,New,2022-11-03
C10396,Albert Morse,Male,Southeast,New,2026-02-12
C10397,Barbara Berry,Non-binary,Southeast,Loyalty,2025-07-04
C10398,Robert Wilson,Non-binary,Southeast,Returning,2022-10-03
C10399,Mark Solis,Non-binary,Online-only,Loyalty,2025-02-21
C10400,Marilyn Gillespie,Non-binary,West,Returning,2023-01-09
C10401,Megan Sanchez,Non-binary,Online-only,Loyalty,2025-01-09
C10402,Kelly Foster,Female,Northeast,New,2023-11-30
C10403,Gina Cook,Female,Online-only,Returning,2023-05-06
C10404,Jordan Wilson,Male,Online-only,Returning,2024-09-16
C10405,Taylor Bailey,Male,Northeast,Returning,2025-07-30
C10406,Sabrina Briggs,Female,Northeast,Returning,2023-08-13
C10407,Charles Gonzalez,Male,Southeast,Returning,2025-01-29
C10408,Paige Rios,Female,Southeast,Returning,2023-05-19
C10409,Kendra Snyder,Non-binary,Midwest,Loyalty,2025-09-08
C10410,Peter Cole,Male,Northeast,Returning,2026-05-14
C10411,Kristy Reid,Female,Southeast,Returning,2025-03-02
C10412,Sean Burton,Male,Midwest,Returning,2023-04-11
C10413,Barry Ramos,Male,West,New,2023-11-19
C10414,Donald Brown,Male,Northeast,Returning,2024-09-12
C10415,Lance Hayes,Non-binary,Midwest,Returning,2022-11-25
C10416,Sandra Jones,Female,Southeast,Loyalty,2026-02-15
C10417,Savannah Gilbert,Female,Northeast,Returning,2024-09-12
C10418,Joel Spencer,Male,West,Loyalty,2025-11-02
C10419,Stephanie Cole,Female,Southeast,New,2025-11-28
C10420,Matthew Morris,Male,Northeast,Returning,2024-07-28
C10421,Chris Brown,Male,Midwest,Loyalty,2023-02-01
C10422,Stephanie Cooper,Female,Northeast,Loyalty,2025-07-11
C10423,Kathy Thompson,Female,Midwest,Returning,2023-08-30
C10424,Jessica Gonzales,Female,Online-only,Returning,2024-10-05
C10425,Erik Watson,Non-binary,Southeast,Returning,2023-10-21
C10426,Jennifer Morgan,Female,Northeast,New,2025-01-22
C10427,Rachel Holland,Female,Northeast,Loyalty,2022-12-08
C10428,Brandon Gregory,Male,West,Loyalty,2023-10-22
C10429,Misty Douglas,Female,Midwest,New,2026-04-18
C10430,Shane Cook,Male,Midwest,Returning,2024-12-31
C10431,Charles Bailey,Male,Online-only,Returning,2026-07-16
C10432,Michael Myers,Male,Southeast,New,2025-01-18
C10433,Sharon Collins,Non-binary,West,Returning,2024-03-05
C10434,Rickey Li,Male,Online-only,Returning,2025-05-08
C10435,Ronald Rodgers,Male,Southeast,New,2025-05-30
C10436,Joseph Lucas,Male,Northeast,New,2024-05-13
C10437,Heidi Cox,Female,Northeast,Loyalty,2023-05-24
C10438,Daniel Meza,Male,Midwest,Returning,2024-08-12
C10439,Jeremy Taylor,Non-binary,Midwest,Loyalty,2022-12-24
C10440,Megan Garcia,Non-binary,West,Loyalty,2025-10-02
C10441,Sandy Stephenson,Female,Online-only,Returning,2022-10-28
C10442,George Miranda,Male,Midwest,Returning,2023-03-13
C10443,Jamie Martin,Female,West,Returning,2025-12-29
C10444,Patricia Lamb,Female,Midwest,Returning,2023-05-02
C10445,Jeffrey Jenkins,Male,Northeast,Returning,2025-05-17
C10446,Cynthia Wallace,Female,Northeast,Loyalty,2023-10-23
C10447,Nicole Cole,Female,West,Returning,2024-10-21
C10448,Eric Stokes,Male,Midwest,Loyalty,2024-07-18
C10449,Sandy Richardson,Female,Midwest,Loyalty,2026-06-16
C10450,William Murray,Male,Southeast,Returning,2023-10-19
C10451,James Rose,Male,Online-only,Returning,2026-07-14
C10452,Ruth Solis,Female,Online-only,New,2023-03-24
C10453,David Davidson,Male,Northeast,Returning,2026-03-02
C10454,Justin Garcia,Male,Midwest,Returning,2026-01-20
C10455,Sarah Mitchell,Female,Southeast,Returning,2025-09-21
C10456,Don Whitehead,Male,West,Returning,2023-04-06
C10457,Jessica Potts,Female,West,Returning,2023-07-24
C10458,Joanne Bailey,Female,Southeast,Returning,2022-10-11
C10459,Anthony Shaw,Male,Southeast,Returning,2023-08-13
C10460,Virginia Brooks,Non-binary,Online-only,Returning,2022-10-14
C10461,Sarah Combs,Non-binary,West,Loyalty,2025-04-08
C10462,Raven Taylor,Female,Online-only,Returning,2023-10-26
C10463,Ronald Horton,Male,Northeast,Returning,2023-03-24
C10464,Michele West,Female,Southeast,Returning,2022-09-10
C10465,Angela Scott,Female,West,Returning,2026-01-04
C10466,Ana Acosta,Non-binary,Northeast,Returning,2024-10-12
C10467,Daniel Roberts,Non-binary,Southeast,Returning,2023-11-16
C10468,Anthony Barnes,Male,Online-only,Returning,2025-11-05
C10469,Jim Rodriguez,Male,Northeast,Loyalty,2026-04-16
C10470,Kyle Smith,Male,Northeast,Loyalty,2024-09-24
C10471,Dana Thomas,Female,Midwest,Returning,2024-05-21
C10472,Christina Allen,Non-binary,Northeast,Returning,2024-05-03
C10473,Elizabeth Miller,Non-binary,Northeast,Returning,2026-07-26
C10474,Barry Fox,Male,Northeast,Returning,2024-09-12
C10475,Vanessa Spencer,Non-binary,West,New,2024-03-26
C10476,John Reid,Male,Northeast,Returning,2026-08-05
C10477,David Smith,Male,Online-only,Returning,2025-10-28
C10478,Gregory Quinn,Male,Southeast,New,2025-03-08
C10479,Raymond Moss,Male,Online-only,New,2024-01-01
C10480,Bradley Payne,Non-binary,Online-only,Returning,2025-12-03
C10481,Carrie Maxwell,Female,West,Returning,2024-07-12
C10482,Michael Welch,Male,Online-only,Loyalty,2025-11-30
C10483,Bryan Parsons,Non-binary,Northeast,New,2024-07-02
C10484,Edward Williams,Male,Online-only,Returning,2023-06-21
C10485,Amanda Mahoney,Female,West,Returning,2024-09-24
C10486,Virginia Daniels,Female,Southeast,Loyalty,2023-09-07
C10487,Nicole Lee,Female,Midwest,Returning,2024-02-06
C10488,Richard Glenn,Male,Northeast,Loyalty,2023-12-31
C10489,Caleb Richardson,Male,Online-only,Loyalty,2026-03-24
C10490,Patrick Kline,Male,Northeast,Returning,2024-03-20
C10491,William Crawford,Male,Southeast,New,2024-08-29
C10492,Tim Stone,Male,Northeast,Loyalty,2025-11-15
C10493,Monica Miller,Female,West,New,2025-01-29
C10494,Samantha Gardner,Female,Online-only,Returning,2023-12-15
C10495,Bobby Guerrero,Male,West,Returning,2023-11-24
C10496,Carrie Simmons,Non-binary,Northeast,New,2025-06-06
C10497,Heather Williams,Female,Northeast,New,2026-02-24
C10498,Michael Bolton,Non-binary,Midwest,New,2023-10-08
C10499,Veronica Gould,Female,Southeast,New,2022-12-21
C10500,Mark Cox,Male,Southeast,Loyalty,2025-11-15
C10501,Michael Cisneros,Male,Northeast,Loyalty,2023-03-30
C10502,Lawrence Harrington,Male,Midwest,New,2022-10-23
C10503,Carlos Osborne,Non-binary,Midwest,Returning,2024-02-19
C10504,Janet Bradley,Female,Midwest,Returning,2025-02-02
C10505,Michael Rush,Male,Midwest,New,2024-02-28
C10506,Pamela Berry,Female,Midwest,Returning,2024-10-15
C10507,Raymond Banks,Non-binary,Midwest,Loyalty,2023-09-02
C10508,Daniel Fitzgerald,Non-binary,Midwest,Returning,2024-08-31
C10509,James Hoffman,Male,Northeast,Returning,2023-09-20
C10510,Debbie Griffin,Female,Southeast,New,2026-08-27
C10511,Donna Hendricks,Female,Southeast,Returning,2024-08-20
C10512,Barbara Farrell,Female,West,Returning,2024-06-23
C10513,Stephanie Wallace,Female,Northeast,Returning,2023-01-09
C10514,Melanie Bruce,Female,West,New,2023-12-13
C10515,Gregory Brown,Male,Online-only,Returning,2024-11-02
C10516,Steven York,Male,West,New,2025-07-08
C10517,Timothy Little,Male,Northeast,New,2025-11-04
C10518,Jordan Martinez,Male,Online-only,Returning,2023-06-23
C10519,Brenda Tyler,Female,Midwest,Loyalty,2022-10-11
C10520,Angela Wood,Non-binary,Midwest,New,2025-11-19
C10521,Juan Salazar,Male,Southeast,Loyalty,2023-01-06
C10522,Ellen Key,Female,Online-only,Returning,2025-07-18
C10523,Kelly Hammond,Female,West,Returning,2025-12-18
C10524,Benjamin Compton,Male,West,Loyalty,2025-03-28
C10525,Jerry Frazier,Male,Southeast,New,2024-01-18
C10526,Shawn Deleon,Male,Southeast,Loyalty,2025-03-25
C10527,Catherine Burch,Female,West,Returning,2024-05-26
C10528,Susan Brown,Female,Midwest,Loyalty,2023-03-03
C10529,Christian Martin,Male,Midwest,Returning,2023-12-18
C10530,Michelle Reed,Female,Southeast,Returning,2026-06-07
C10531,Steven Singleton,Male,Midwest,Returning,2023-09-03
C10532,Mark Pierce,Male,Southeast,New,2023-03-04
C10533,Elizabeth Ferguson,Female,West,Returning,2024-09-05
C10534,Caroline David,Female,Northeast,Returning,2023-04-16
C10535,Mary Le,Female,Midwest,Returning,2025-02-02
C10536,Ryan Elliott,Male,Online-only,New,2025-12-20
C10537,Anthony Williams,Non-binary,West,Returning,2025-03-27
C10538,Kenneth Curtis,Male,Northeast,Loyalty,2025-09-26
C10539,Jennifer Fowler,Female,Southeast,Loyalty,2024-08-30
C10540,Lori Roberts,Female,Midwest,Returning,2026-06-30
C10541,Karen Ballard,Female,Southeast,Loyalty,2025-05-30
C10542,Kenneth Jones,Non-binary,Northeast,Returning,2022-11-29
C10543,Jessica Washington,Female,West,New,2023-06-27
C10544,Lisa Edwards,Female,Northeast,New,2025-07-17
C10545,Jessica Valencia,Non-binary,Southeast,Returning,2026-07-28
C10546,Bianca Wood,Female,West,Returning,2024-12-01
C10547,Francis Owens,Male,Online-only,Returning,2023-09-28
C10548,David Davis,Male,Northeast,New,2023-10-31
C10549,Janet Gilbert,Female,Midwest,Loyalty,2023-08-31
C10550,Sean Moore,Male,Online-only,Loyalty,2023-12-25
C10551,Laura Edwards,Female,West,Returning,2025-09-21
C10552,Tyrone Robertson,Non-binary,Midwest,Loyalty,2024-08-31
C10553,Eric Johnson,Male,West,Loyalty,2026-06-14
C10554,Jonathan Levy,Male,West,Returning,2023-07-14
C10555,Heather Williams,Female,Online-only,Loyalty,2024-08-25
C10556,Stephen Pena,Male,West,New,2024-07-21
C10557,Amanda Boone,Non-binary,Midwest,Returning,2024-05-24
C10558,Nicole Luna,Non-binary,Northeast,Loyalty,2025-09-22
C10559,Holly Morales,Female,Southeast,Loyalty,2024-12-13
C10560,Cory Tran,Male,Midwest,Loyalty,2022-12-19
C10561,William Duran,Non-binary,Northeast,Loyalty,2023-10-16
C10562,Virginia Becker,Female,Midwest,Returning,2023-02-23
C10563,Vanessa Long,Female,Northeast,Loyalty,2025-11-06
C10564,Matthew Mcmillan,Non-binary,West,New,2025-09-09
C10565,Curtis Hicks,Male,Midwest,Loyalty,2024-09-02
C10566,Amber Taylor,Female,West,Returning,2024-01-02
C10567,Kara Bryant,Female,Northeast,Returning,2025-02-04
C10568,Jose Murphy,Male,Southeast,Loyalty,2025-02-14
C10569,Carla Ewing,Female,West,New,2025-08-17
C10570,Kevin Rogers,Non-binary,Southeast,Returning,2025-12-25
C10571,Amanda Erickson,Non-binary,Midwest,Returning,2023-11-14
C10572,Robert Richardson,Male,Midwest,Returning,2025-05-13
C10573,William Silva,Male,West,Returning,2025-11-09
C10574,Jessica Watts,Non-binary,Southeast,Loyalty,2022-10-11
C10575,Karen Coffey,Female,West,New,2025-10-20
C10576,Paula Lane,Female,Online-only,Loyalty,2025-07-22
C10577,Lauren Jackson,Female,West,Loyalty,2025-03-09
C10578,Manuel Randall,Male,West,New,2023-04-06
C10579,Erin Johnson,Non-binary,Southeast,Loyalty,2026-06-18
C10580,Brian Smith,Male,Southeast,Loyalty,2023-12-04
C10581,Christian Vaughn,Male,Southeast,New,2024-04-24
C10582,Patricia Knapp,Female,Northeast,Returning,2026-02-28
C10583,Noah Brown,Male,Northeast,Returning,2023-03-23
C10584,Christine Nguyen,Female,Online-only,Returning,2025-04-26
C10585,Kelly Edwards,Female,Online-only,New,2023-05-13
C10586,Susan Peterson,Female,Midwest,New,2024-02-02
C10587,Raymond Le,Male,Midwest,New,2025-03-30
C10588,Michael Bishop,Male,Northeast,New,2023-06-10
C10589,David Grant,Male,Online-only,Returning,2023-07-28
C10590,William Evans,Male,West,Loyalty,2023-10-29
C10591,Christine Bush,Female,Northeast,New,2023-12-09
C10592,Michael Peck,Non-binary,Midwest,Loyalty,2025-11-07
C10593,Donald Martinez,Male,Northeast,Loyalty,2025-05-17
C10594,Noah Baird,Non-binary,Midwest,New,2025-12-10
C10595,Stephanie Ballard,Non-binary,Southeast,New,2023-11-01
C10596,Dwayne Klein,Male,Midwest,Loyalty,2024-01-21
C10597,Jeremy Scott,Male,Southeast,New,2024-08-02
C10598,Christina Ryan,Female,Midwest,Loyalty,2026-05-27
C10599,Melissa Taylor,Female,West,Returning,2025-02-17
C10600,Kevin Sanchez,Male,Northeast,Returning,2025-05-07
C10601,Kiara Little,Female,Midwest,New,2022-11-18
C10602,Robert Love,Non-binary,Midwest,Returning,2023-01-27
C10603,Kelli Smith,Non-binary,West,New,2024-11-14
C10604,Tanya Russell,Female,Southeast,Loyalty,2026-05-30
C10605,Sherry Woods,Female,Midwest,Returning,2023-06-21
C10606,Victor Morris,Male,Northeast,Returning,2025-04-03
C10607,Rebecca Davis,Non-binary,Northeast,New,2024-12-19
C10608,Kimberly Sharp,Female,West,Returning,2026-06-01
C10609,Thomas Thompson,Male,Midwest,Returning,2026-03-14
C10610,Casey Gillespie,Female,Online-only,Returning,2026-08-28
C10611,James Simpson,Male,Online-only,Returning,2026-06-01
C10612,Tonya Howe,Female,Midwest,Returning,2026-03-06
C10613,Albert Bradley,Non-binary,Midwest,Returning,2023-02-06
C10614,Victoria Mitchell,Female,Midwest,New,2026-08-17
C10615,Kimberly Snyder,Female,West,Loyalty,2026-06-04
C10616,Melissa Mcdonald,Non-binary,Southeast,Loyalty,2023-06-11
C10617,Ashley Martin,Female,Midwest,New,2024-07-04
C10618,Jonathan Lopez,Non-binary,Midwest,Returning,2025-08-13
C10619,Krystal Bradley,Non-binary,Midwest,Returning,2025-09-12
C10620,Gregory Chase,Non-binary,West,Returning,2026-04-04
C10621,Ronald Robertson,Male,Northeast,Loyalty,2023-01-07
C10622,Maureen Lopez,Female,Northeast,Returning,2023-03-27
C10623,Franklin Wright,Male,Northeast,Returning,2023-09-18
C10624,David Molina,Male,Midwest,Returning,2026-06-26
C10625,Eric Sharp,Male,Online-only,Returning,2022-09-19
C10626,Martha Schwartz,Female,West,Returning,2022-12-02
C10627,David Parker,Non-binary,Southeast,Returning,2024-04-16
C10628,Wayne Jacobson,Non-binary,Southeast,Loyalty,2025-06-26
C10629,Eric Wilson,Male,Online-only,Returning,2026-05-02
C10630,Elizabeth Mendez,Female,West,Loyalty,2023-07-19
C10631,Brandi Hernandez,Female,West,New,2025-08-29
C10632,Larry Perry,Male,Southeast,Returning,2024-11-12
C10633,Kaitlin Medina,Female,West,Returning,2025-04-29
C10634,Daniel Wright,Male,Southeast,Returning,2025-09-08
C10635,Shelley Miller,Female,Southeast,Returning,2024-06-16
C10636,Jane Miller,Non-binary,Southeast,Loyalty,2024-12-04
C10637,Amy Kelley,Female,Online-only,Loyalty,2024-09-10
C10638,Laura Hernandez,Female,Northeast,Loyalty,2023-12-26
C10639,Kelly Wilson,Female,Southeast,Returning,2023-06-29
C10640,Lauren Davis,Female,West,New,2024-09-17
C10641,Lindsey Chavez,Non-binary,Southeast,Returning,2024-09-21
C10642,Joyce Brown,Female,Northeast,Returning,2024-07-09
C10643,Lindsay Cummings,Non-binary,Southeast,New,2024-04-03
C10644,Lisa Reese,Non-binary,Southeast,New,2024-12-25
C10645,Amber Cooper,Female,Southeast,Returning,2022-12-05
C10646,Wendy Michael,Female,West,New,2022-12-12
C10647,Sarah Johnson,Non-binary,Online-only,New,2024-04-21
C10648,Randy Cannon,Male,Midwest,New,2026-08-01
C10649,Maria Fisher,Female,Southeast,Returning,2026-08-22
C10650,Janet Kane,Female,West,New,2026-04-18
C10651,Jaime Vega,Female,Online-only,New,2025-04-26
C10652,Joshua Valdez,Male,Online-only,New,2024-01-23
C10653,Christopher Medina,Male,West,New,2024-10-14
C10654,Monica Walker,Female,Online-only,New,2022-09-08
C10655,Andrew Evans,Non-binary,Midwest,Loyalty,2025-05-13
C10656,Kimberly Patel,Female,Southeast,Loyalty,2025-12-18
C10657,John Reed,Non-binary,Midwest,Loyalty,2023-10-10
C10658,Timothy Hardy,Male,Online-only,Returning,2023-02-14
C10659,Robert Barnes,Male,West,Returning,2025-09-25
C10660,Stephen Smith,Male,West,Returning,2023-06-30
C10661,Ashlee Johnson,Female,West,Loyalty,2025-01-22
C10662,Jacqueline Williams,Non-binary,West,New,2025-08-19
C10663,Richard Young,Non-binary,Online-only,Loyalty,2023-07-17
C10664,Scott Brown,Male,Midwest,New,2024-09-07
C10665,Donna Cabrera,Female,Northeast,New,2025-08-06
C10666,Emma Harper,Female,Online-only,New,2025-05-11
C10667,Frank Turner,Male,Southeast,Loyalty,2023-03-31
C10668,Mary Walker,Female,Southeast,Returning,2023-11-15
C10669,Amy Fry,Female,Southeast,Returning,2026-03-10
C10670,Thomas Garrett,Male,Northeast,New,2024-05-18
C10671,Kathleen Compton,Female,Northeast,Returning,2026-06-08
C10672,Megan Floyd,Female,West,Returning,2023-12-12
C10673,Jennifer Hernandez,Female,Southeast,New,2024-03-05
C10674,Paul Wells,Male,Midwest,Returning,2026-01-25
C10675,Kevin Zimmerman,Non-binary,Southeast,Returning,2025-11-22
C10676,Thomas Hart,Male,West,Loyalty,2026-07-16
C10677,Justin Anderson,Male,West,Returning,2023-08-23
C10678,James Lucas,Non-binary,Online-only,New,2026-05-11
C10679,Ryan Davis,Male,Midwest,Returning,2025-07-26
C10680,James Adams,Non-binary,Northeast,Loyalty,2025-05-13
C10681,Carrie Russo,Non-binary,Northeast,Returning,2023-06-04
C10682,Philip Ramsey,Male,Southeast,Returning,2024-11-26
C10683,Karen Booth,Female,West,Returning,2024-01-02
C10684,Tyler Smith,Male,Northeast,Returning,2026-06-02
C10685,Tonya Wilson,Female,Midwest,Returning,2026-09-01
C10686,John Sanchez,Male,Midwest,Returning,2025-02-01
C10687,Christine Herman,Female,West,Returning,2024-11-17
C10688,Patricia James,Female,West,Returning,2024-10-21
C10689,Heather Green,Female,Midwest,Returning,2024-09-20
C10690,Tyler Garcia,Non-binary,Online-only,Loyalty,2026-08-05
C10691,Julie Franco,Female,Online-only,Returning,2026-04-29
C10692,Jacqueline Gutierrez,Female,Southeast,Loyalty,2024-12-02
C10693,Daniel Thomas,Male,Southeast,Loyalty,2023-09-18
C10694,Timothy Riley,Male,Online-only,Loyalty,2024-05-04
C10695,Christian Rivera,Male,Northeast,Loyalty,2024-03-10
C10696,Martha Porter,Non-binary,Northeast,Loyalty,2025-04-15
C10697,Melinda Scott,Female,Northeast,Returning,2025-12-15
C10698,Tammy May,Non-binary,Northeast,Loyalty,2024-08-19
C10699,Carol Norton,Female,West,Loyalty,2023-05-08
C10700,Nathan Freeman,Male,West,Returning,2026-05-03
C10701,Amber May,Non-binary,Southeast,New,2022-11-27
C10702,Andrew Bradford,Male,Southeast,New,2026-06-13
C10703,Mary Duran,Female,Northeast,Returning,2024-04-27
C10704,Megan Hall,Non-binary,West,Loyalty,2025-07-01
C10705,Alexa Wagner,Female,Southeast,New,2024-02-29
C10706,Christine Estrada,Non-binary,Northeast,Returning,2025-02-19
C10707,Karen Freeman,Female,Southeast,New,2022-09-12
C10708,Juan Smith,Male,Southeast,New,2024-10-14
C10709,Denise Madden,Female,Northeast,Loyalty,2022-09-28
C10710,Robert Craig,Male,West,Returning,2025-11-23
C10711,Susan Rodriguez,Female,Midwest,Loyalty,2023-01-21
C10712,Brittany Lee,Female,Southeast,Loyalty,2024-10-10
C10713,Lisa Adams,Non-binary,Southeast,Returning,2024-04-04
C10714,Jacqueline Sullivan,Female,Midwest,Returning,2024-12-05
C10715,William Perez,Male,West,Returning,2025-05-28
C10716,Ryan Valdez,Male,Northeast,Returning,2026-02-06
C10717,Peter Davis,Male,West,Returning,2024-03-09
C10718,Juan Brown,Male,Southeast,Returning,2022-09-16
C10719,Christopher Porter,Male,West,Returning,2024-05-28
C10720,Richard Knight,Male,Southeast,Returning,2026-02-06
C10721,Brandon Rice,Male,Online-only,Returning,2022-11-04
C10722,Daniel Parrish,Male,Midwest,New,2026-03-21
C10723,John Williams,Male,Southeast,Returning,2022-12-20
C10724,Tammy Lam,Female,Online-only,Loyalty,2024-12-03
C10725,Amanda Mcfarland,Female,Midwest,Loyalty,2023-12-06
C10726,Tonya Matthews,Female,Southeast,Returning,2025-09-05
C10727,Jennifer Sanders,Non-binary,Northeast,New,2022-12-24
C10728,Francisco Allen,Non-binary,West,Returning,2026-01-03
C10729,James Mosley,Male,Northeast,Loyalty,2023-12-31
C10730,Nicole Taylor,Female,Online-only,New,2026-08-16
C10731,Nathaniel Mason,Male,Online-only,New,2026-07-26
C10732,Anthony Kim,Male,Online-only,Returning,2026-01-09
C10733,Gilbert Mack,Male,Southeast,New,2026-06-28
C10734,Jennifer Ayala,Female,West,Returning,2022-10-16
C10735,Joshua Riddle,Non-binary,West,Returning,2024-08-19
C10736,Heather Pugh,Female,Midwest,Returning,2024-05-25
C10737,Meghan Guerrero,Female,West,Returning,2023-01-06
C10738,Lisa Yates,Female,Online-only,Returning,2025-07-10
C10739,Bradley Moore,Male,Northeast,Loyalty,2025-07-08
C10740,Mark Singh,Male,Northeast,Returning,2023-12-09
C10741,Daniel Smith,Non-binary,Midwest,Returning,2023-11-27
C10742,Ian Nelson,Male,Northeast,New,2023-03-15
C10743,Jacob Cole,Non-binary,West,Returning,2024-11-20
C10744,Jennifer Johnson,Female,Southeast,Loyalty,2024-02-01
C10745,Brandon George,Male,Midwest,Returning,2023-12-20
C10746,Janice Carter,Female,Northeast,Returning,2024-03-22
C10747,Bradley Santana,Male,Northeast,Loyalty,2026-04-16
C10748,Vanessa Armstrong,Female,Midwest,Loyalty,2023-05-08
C10749,Jamie Taylor,Female,Online-only,Returning,2023-11-16
C10750,Katherine Brown,Female,Southeast,Loyalty,2024-05-29
C10751,Jason Washington,Male,Northeast,New,2022-12-24
C10752,David Wright,Male,Midwest,Returning,2025-03-03
C10753,Brittney Gonzalez,Non-binary,West,Loyalty,2023-02-06
C10754,Eric Rush,Male,West,New,2024-01-01
C10755,Christine Brock,Non-binary,Midwest,New,2023-12-28
C10756,Matthew Ochoa,Non-binary,West,Returning,2026-02-08
C10757,Valerie Taylor,Female,Northeast,Loyalty,2023-12-15
C10758,Travis Harris,Male,West,Loyalty,2023-12-05
C10759,Tracey Novak,Female,Online-only,Returning,2023-11-02
C10760,Michael Henry,Male,Northeast,Returning,2024-12-21
C10761,Dana Bennett,Female,Southeast,Returning,2025-12-08
C10762,Jenna Wilson,Female,Online-only,Returning,2024-12-04
C10763,Kevin Gardner,Male,Online-only,New,2025-05-25
C10764,Krista Benton,Female,West,Loyalty,2024-07-07
C10765,Michelle Gonzales,Female,Northeast,Returning,2023-11-02
C10766,Heather Fuentes,Non-binary,Midwest,Returning,2025-11-07
C10767,Jason Porter,Male,Northeast,Loyalty,2025-03-15
C10768,Dana Hopkins,Female,Midwest,Loyalty,2025-07-13
C10769,Rachel Jones,Female,Online-only,Loyalty,2026-08-19
C10770,John Morales,Male,Northeast,Loyalty,2024-09-11
C10771,Samantha Holt,Non-binary,Midwest,New,2024-11-04
C10772,Rachel Ward,Female,West,Returning,2026-04-02
C10773,Amanda Little,Non-binary,Midwest,New,2023-01-05
C10774,Patricia Sandoval,Female,Northeast,New,2024-02-03
C10775,Matthew Williams,Male,West,Returning,2026-08-09
C10776,Michael Ross,Male,Online-only,Returning,2025-09-05
C10777,Tammy Jordan,Non-binary,Southeast,Loyalty,2022-09-18
C10778,David Dixon,Male,West,Returning,2024-09-29
C10779,Kevin Johnston,Male,West,New,2024-06-14
C10780,Jeanne Barton,Female,Midwest,Loyalty,2025-01-09
C10781,Kathryn Cooper,Female,Northeast,New,2022-10-08
C10782,Ashley Perry,Female,Southeast,Loyalty,2026-07-08
C10783,Darren Shepard,Non-binary,Southeast,Loyalty,2023-03-28
C10784,Emily Gibson,Female,West,Loyalty,2023-07-02
C10785,John Alvarez,Male,Midwest,Returning,2024-06-03
C10786,Michael Flores,Male,Midwest,Returning,2023-11-15
C10787,Robert Wilson,Male,Northeast,Returning,2026-01-24
C10788,Matthew Byrd,Male,West,New,2023-04-30
C10789,William Sanchez,Male,Southeast,Loyalty,2023-05-15
C10790,Christopher Castro,Male,West,Returning,2026-07-03
C10791,Crystal Sullivan,Female,Northeast,Loyalty,2023-05-30
C10792,Martin Reynolds,Male,Southeast,New,2022-10-15
C10793,Lucas Gonzalez,Male,Northeast,Returning,2025-01-14
C10794,Paul Bush,Non-binary,Midwest,Returning,2023-06-30
C10795,Nicole Stokes,Female,Northeast,Returning,2022-12-03
C10796,Cristian Wiggins,Non-binary,Midwest,Returning,2023-06-02
C10797,Gabriel Ellis,Male,Northeast,Returning,2023-09-21
C10798,Shari Rose,Female,West,Returning,2025-03-24
C10799,Kyle Carr,Male,Midwest,New,2025-01-07
C10800,Gregory Bruce,Male,Northeast,New,2025-02-20
C10801,Robin Mccarthy,Female,Midwest,New,2023-11-11
C10802,Lucas Miller,Male,Southeast,Returning,2023-03-17
C10803,Autumn Torres,Female,Southeast,Loyalty,2023-05-28
C10804,Michael Dixon,Male,Midwest,New,2024-05-05
C10805,Brenda Reyes,Female,Northeast,New,2023-06-01
C10806,Mark Steele,Male,Southeast,Returning,2025-04-02
C10807,Zoe Peters,Female,Midwest,Returning,2024-08-17
C10808,Donald Edwards,Non-binary,Northeast,Returning,2024-06-22
C10809,Anthony Howard,Male,Midwest,New,2022-09-16
C10810,Chad Ochoa,Male,Online-only,Returning,2026-07-11
C10811,Jonathan Simpson,Male,Online-only,Loyalty,2025-05-29
C10812,Jennifer Larsen,Female,Southeast,Loyalty,2024-08-16
C10813,Bradley Johnson,Male,Southeast,Loyalty,2025-09-18
C10814,Edgar Hill,Male,Midwest,Returning,2024-10-26
C10815,Gary Ellis,Non-binary,Northeast,Returning,2025-08-22
C10816,Ralph Dunn,Male,Midwest,Returning,2023-02-15
C10817,Ashley Hampton,Female,West,Loyalty,2025-12-17
C10818,Jacob Carson,Male,West,New,2022-11-02
C10819,Michelle Payne,Female,Southeast,Returning,2026-08-18
C10820,Brian Greer,Male,West,New,2025-09-03
C10821,Kenneth Kidd,Non-binary,Midwest,Returning,2024-06-20
C10822,Michael Montoya,Non-binary,Online-only,Loyalty,2024-06-05
C10823,Xavier Rowe,Male,Midwest,Loyalty,2023-08-14
C10824,Rita Matthews,Female,West,Loyalty,2024-01-27
C10825,Jennifer Chen,Non-binary,West,New,2023-05-03
C10826,Charles Clark,Male,West,Returning,2023-07-02
C10827,Brian Bell,Non-binary,Northeast,Loyalty,2023-10-18
C10828,Joshua Morris,Male,Online-only,Returning,2025-06-26
C10829,Dylan Adams,Male,Northeast,New,2026-02-06
C10830,William Shelton,Male,Midwest,Returning,2023-01-20
C10831,Sydney Floyd,Non-binary,West,New,2026-05-06
C10832,Wendy Camacho,Female,Southeast,Loyalty,2023-03-07
C10833,Michelle Wright,Non-binary,West,New,2025-07-07
C10834,Sandra Juarez,Female,Midwest,Returning,2025-05-17
C10835,Katherine Ray,Female,Northeast,Loyalty,2023-09-30
C10836,Jason Hayes,Male,Southeast,Returning,2025-03-16
C10837,Spencer Davis,Male,Midwest,Returning,2024-09-24
C10838,Diana Mayer,Female,Midwest,Returning,2024-02-23
C10839,Tiffany Murphy,Female,Northeast,New,2022-09-06
C10840,Patricia Oconnor,Female,Northeast,Returning,2025-08-05
C10841,Judy Beck,Female,West,New,2024-02-08
C10842,Arthur Ferguson,Male,Midwest,Returning,2023-07-18
C10843,Jessica Lewis,Female,Midwest,Loyalty,2023-09-30
C10844,Ronald Morgan,Male,West,Returning,2024-12-24
C10845,Keith Washington,Male,West,Returning,2024-01-17
C10846,Melanie Williams,Female,West,Loyalty,2023-01-26
C10847,Richard Stevens,Male,Midwest,Returning,2023-03-03
C10848,Scott Alexander,Male,Northeast,Loyalty,2022-09-03
C10849,Tina Harris,Female,Midwest,Loyalty,2025-06-04
C10850,David Santos,Non-binary,Northeast,Returning,2023-04-23
C10851,Timothy Hill,Male,Northeast,Returning,2025-04-15
C10852,David Watson,Male,Midwest,Returning,2026-04-14
C10853,Gabriel Sanders,Non-binary,Southeast,Returning,2023-11-23
C10854,Melissa Young,Female,Southeast,Loyalty,2025-04-17
C10855,Jane Smith,Non-binary,Northeast,Returning,2024-07-30
C10856,Brandi Perez,Female,Online-only,Returning,2025-05-22
C10857,Adam Dominguez,Male,Southeast,New,2025-12-08
C10858,Virginia Henderson,Female,Northeast,Returning,2023-03-14
C10859,Chad Reyes,Non-binary,Southeast,Returning,2025-08-04
C10860,Curtis Edwards,Non-binary,Southeast,New,2026-03-12
C10861,Derrick Ayala,Non-binary,West,Returning,2025-09-06
C10862,Casey Haney,Male,Midwest,Returning,2023-03-30
C10863,Joseph Smith,Male,Northeast,Loyalty,2025-04-09
C10864,Scott Bowen,Non-binary,Northeast,Returning,2025-03-07
C10865,Brittany Jenkins,Female,Midwest,New,2025-06-01
C10866,Scott Miller,Male,Online-only,Returning,2023-01-27
C10867,Paul Lawrence,Male,Southeast,Returning,2024-03-16
C10868,Victor Edwards,Male,Midwest,New,2023-03-26
C10869,Destiny Miller,Female,West,New,2024-11-18
C10870,Lindsay Lawson,Female,Southeast,Returning,2025-10-14
C10871,Michael Abbott,Male,West,Returning,2025-04-21
C10872,Eric Holmes,Male,Midwest,New,2024-09-15
C10873,Nicole Phillips,Female,Southeast,Returning,2022-11-21
C10874,Stephanie Blevins,Female,Midwest,Loyalty,2024-08-25
C10875,Brian Porter,Male,Midwest,Loyalty,2025-01-17
C10876,Kelsey Levine,Female,West,Returning,2026-08-13
C10877,Timothy Anderson,Male,Southeast,Loyalty,2026-02-10
C10878,Keith Diaz,Male,Southeast,Loyalty,2025-05-27
C10879,Pamela Best,Female,Midwest,Loyalty,2025-10-01
C10880,Alan Jones,Male,Northeast,Returning,2023-09-20
C10881,Amanda Brown,Female,Online-only,Returning,2025-10-29
C10882,Jonathon Fuller,Male,Northeast,New,2024-09-03
C10883,Jason Miles,Male,West,Loyalty,2023-01-01
C10884,Amanda Jensen,Non-binary,Southeast,Returning,2023-10-13
C10885,Kyle Dixon,Non-binary,Northeast,Loyalty,2023-06-26
C10886,Rhonda Herrera,Female,Southeast,New,2024-03-26
C10887,Cynthia Davenport,Non-binary,Online-only,Returning,2025-05-24
C10888,Andrea Hale,Female,Northeast,Loyalty,2025-08-03
C10889,Ryan Brown,Male,Online-only,Loyalty,2023-01-06
C10890,Jeffrey Chavez,Male,West,New,2025-02-07
C10891,Eric Harmon,Male,West,Loyalty,2025-08-19
C10892,Bryan Zimmerman,Male,Midwest,Returning,2025-06-23
C10893,Carla Benton,Female,West,Returning,2024-10-05
C10894,Rachel Le,Female,West,Loyalty,2023-05-04
C10895,Beth Norman,Female,Southeast,Returning,2023-09-30
C10896,Stacey Wise,Female,Midwest,Returning,2022-10-15
C10897,Lindsay Nelson,Non-binary,Northeast,Loyalty,2022-12-05
C10898,Michelle Ray,Female,West,Returning,2022-12-24
C10899,Jordan Ward,Female,Online-only,Loyalty,2024-09-01
C10900,Keith Richardson,Male,Northeast,Returning,2023-09-10
C10901,Brian Berry,Male,Midwest,Returning,2025-07-24
C10902,Crystal Hicks,Female,Southeast,Returning,2022-11-06
C10903,Michelle Sanchez,Non-binary,Online-only,Loyalty,2024-07-22
C10904,Janet Hernandez,Female,Northeast,Returning,2026-05-24
C10905,Scott Tran,Male,Northeast,Loyalty,2026-04-29
C10906,Patrick Barnes,Male,Midwest,New,2023-12-16
C10907,Jason Cortez,Male,Northeast,Returning,2023-10-04
C10908,Blake Watson,Male,Online-only,Returning,2024-09-04
C10909,Stephanie White,Female,Northeast,Returning,2025-11-20
C10910,Vicki Finley,Female,Southeast,Loyalty,2022-12-12
C10911,John Campbell,Male,Northeast,Returning,2026-01-18
C10912,Garrett Tran,Male,Midwest,New,2022-09-14
C10913,Christina Elliott,Female,Northeast,Returning,2023-11-20
C10914,Marcus Marshall,Male,Midwest,Returning,2025-01-13
C10915,Johnny Barton,Male,Northeast,Returning,2023-06-15
C10916,Stephanie Hodges,Female,Online-only,Returning,2023-08-26
C10917,Aaron Ortiz,Male,Midwest,New,2023-08-09
C10918,Hannah Franco,Female,West,New,2026-03-06
C10919,Tiffany Smith,Female,Southeast,Returning,2025-04-19
C10920,Samuel Acosta,Male,West,Loyalty,2023-02-01
C10921,Joseph Allen,Male,West,Returning,2024-08-21
C10922,Amy Shea,Female,Midwest,New,2025-07-08
C10923,Brandon Morse,Male,Midwest,Returning,2026-04-05
C10924,Joseph Haynes,Male,Online-only,Returning,2024-02-28
C10925,William Miller,Male,Online-only,New,2023-01-20
C10926,Brandi Wilkins,Female,Northeast,New,2022-12-21
C10927,Keith Graham,Male,Southeast,Returning,2026-07-11
C10928,David Green,Male,Southeast,Returning,2023-12-06
C10929,Robert Haynes,Male,Midwest,Returning,2025-08-11
C10930,Louis Nelson,Non-binary,Southeast,Loyalty,2022-12-21
C10931,Christina Chan,Female,West,Returning,2025-01-03
C10932,Brittney Martin,Female,Northeast,Returning,2024-07-14
C10933,Jason Herrera,Male,West,Returning,2026-07-12
C10934,Christine Parker,Female,West,Loyalty,2023-09-24
C10935,Bryan Moore,Male,Midwest,New,2025-05-31
C10936,Ronald Terry,Male,West,New,2022-10-31
C10937,Sara Murphy,Female,Online-only,Loyalty,2023-01-14
C10938,David Kelly,Male,Southeast,Loyalty,2024-09-21
C10939,Michael Green,Male,Southeast,Returning,2026-08-19
C10940,Andre Sullivan,Male,Online-only,Loyalty,2024-06-24
C10941,Nicole Wright,Female,Midwest,New,2024-07-08
C10942,Robert Taylor,Male,Northeast,New,2022-09-20
C10943,Ronald Haas,Male,Midwest,Returning,2023-03-12
C10944,Madison Watson,Non-binary,West,Returning,2025-03-11
C10945,Matthew Aguilar,Male,Northeast,Returning,2023-09-15
C10946,Lisa Johnson,Non-binary,Northeast,New,2022-12-06
C10947,Stephanie Ramos,Female,Midwest,New,2023-03-10
C10948,Taylor Calderon,Male,Midwest,Returning,2023-12-31
C10949,Amanda Murray,Female,Southeast,Returning,2023-05-06
C10950,Kenneth Underwood,Male,Northeast,New,2024-04-01
C10951,Allen Vega,Male,Northeast,Returning,2023-05-13
C10952,Cindy Lopez,Female,Southeast,Returning,2023-10-16
C10953,Stephen Johnson,Male,Northeast,Returning,2025-02-22
C10954,Danielle Phillips,Female,Northeast,Loyalty,2024-04-26
C10955,Andrea Brown,Non-binary,Midwest,Loyalty,2023-10-16
C10956,Breanna Gonzalez,Female,Northeast,New,2026-03-17
C10957,Kelly Mccoy,Female,West,New,2025-11-17
C10958,Rebecca Mayo,Female,Southeast,Returning,2025-10-18
C10959,Michael Stephens,Non-binary,Northeast,Returning,2024-08-10
C10960,Roberta Shaw,Non-binary,West,Returning,2024-03-23
C10961,Hector Flores,Non-binary,Southeast,Returning,2023-07-19
C10962,Paula Osborne,Non-binary,Northeast,New,2022-11-27
C10963,Wendy Moreno,Female,Online-only,Returning,2025-09-26
C10964,Yvonne Dickson,Female,Southeast,Returning,2023-01-27
C10965,Mary Adams,Female,Online-only,New,2025-12-07
C10966,Sylvia Brown,Female,Midwest,Returning,2026-08-27
C10967,Daniel Bradford,Male,Northeast,Loyalty,2025-11-10
C10968,Heather Combs,Female,Midwest,Loyalty,2026-01-19
C10969,Christopher Watkins,Male,Southeast,New,2025-11-23
C10970,Melissa Sloan,Female,Southeast,New,2022-10-14
C10971,Mercedes Meza,Female,Northeast,Returning,2024-12-03
C10972,Kristine Lopez,Female,Northeast,Loyalty,2026-08-15
C10973,Sierra Vasquez,Female,Online-only,New,2023-11-28
C10974,John Davis,Male,Online-only,Loyalty,2023-08-08
C10975,Colleen Fox,Female,Southeast,Returning,2022-09-03
C10976,Tabitha Harris,Female,Southeast,Returning,2023-03-12
C10977,Michelle Sellers,Female,West,New,2026-01-17
C10978,Erica Johnson,Female,Midwest,Returning,2025-01-06
C10979,Thomas Schroeder,Male,West,Returning,2026-01-20
C10980,Scott Yu,Male,Northeast,Loyalty,2024-03-01
C10981,Teresa Foster,Female,Southeast,Returning,2023-01-28
C10982,Elizabeth Taylor,Female,Online-only,New,2023-04-20
C10983,Travis Conner,Male,West,Returning,2026-07-06
C10984,Marie Thompson,Female,Northeast,Loyalty,2026-07-18
C10985,Michael Mcfarland,Male,Midwest,New,2025-10-26
C10986,Daniel Chapman,Male,West,New,2023-05-17
C10987,Eric Barker,Male,Online-only,Returning,2023-03-07
C10988,Monica Rush,Female,Midwest,Returning,2026-06-19
C10989,Peter Gamble,Non-binary,Northeast,New,2026-07-13
C10990,Andrew Guzman,Male,Northeast,Returning,2026-05-09
C10991,Walter Walker,Male,West,New,2024-12-06
C10992,Taylor Taylor,Female,Southeast,Returning,2025-08-26
C10993,David Haas,Male,West,Returning,2023-05-06
C10994,Stacey Davis,Female,Midwest,New,2025-07-04
C10995,Mark Tanner,Male,Northeast,Loyalty,2024-06-16
C10996,Deborah Wright,Female,Northeast,New,2022-12-10
C10997,David Rodriguez,Male,Southeast,New,2022-09-04
C10998,Jasmin Oconnor,Female,Online-only,New,2026-07-18
C10999,Stacey Snyder,Female,Midwest,Loyalty,2024-03-08
C11000,Kimberly Garcia,Female,Northeast,Returning,2024-08-03
C11001,Michelle Curtis,Non-binary,Northeast,Loyalty,2025-06-02
C11002,Carla Jones,Female,Northeast,Returning,2026-01-19
C11003,Elizabeth Flores,Female,Southeast,New,2026-06-23
C11004,Angela Jackson,Female,Southeast,Loyalty,2024-03-04
C11005,Monique Payne,Female,Online-only,Loyalty,2026-04-06
C11006,Christopher Wheeler,Non-binary,West,New,2025-02-14
C11007,John Johnson,Male,Northeast,Loyalty,2026-06-09
C11008,Carmen Preston,Female,Northeast,Loyalty,2023-04-20
C11009,Brian Harris,Male,Northeast,Loyalty,2023-06-07
C11010,Melissa Bowen,Female,West,Loyalty,2025-08-03
C11011,Deborah Campbell,Female,Midwest,New,2023-08-15
C11012,Amber Armstrong,Female,Northeast,New,2026-01-11
C11013,Christian Ward,Male,West,New,2024-05-19
C11014,Elizabeth Stanley,Female,Northeast,Loyalty,2025-01-26
C11015,Christina Johnson,Female,Northeast,Returning,2023-05-10
C11016,Edgar Miller,Male,Midwest,Returning,2026-01-16
C11017,Eric Sanders,Male,Northeast,New,2024-08-17
C11018,Matthew Davis,Male,Southeast,Returning,2024-11-05
C11019,Cody Mcclure,Male,Northeast,Returning,2024-02-24
C11020,Jeremy Baker,Male,West,Returning,2024-07-12
C11021,Jeremy Adams,Non-binary,Midwest,New,2022-12-01
C11022,Paul Contreras,Male,Northeast,New,2023-01-06
C11023,Maurice Weaver,Non-binary,Southeast,Loyalty,2026-07-21
C11024,Brittany Spencer,Non-binary,West,Loyalty,2026-01-12
C11025,Sabrina Barnes,Female,Midwest,Loyalty,2024-10-23
C11026,Sharon Wells,Female,Online-only,Returning,2026-03-13
C11027,John Miller,Male,Southeast,New,2026-04-13
C11028,Jennifer Shaw,Non-binary,Northeast,Loyalty,2026-04-09
C11029,Rebecca Byrd,Female,Northeast,Loyalty,2025-02-24
C11030,David Todd,Non-binary,Southeast,Returning,2023-05-13
C11031,William Stanton,Male,Online-only,New,2025-11-26
C11032,Cameron Henderson,Male,Southeast,Loyalty,2026-08-15
C11033,Jessica Osborn,Female,West,Loyalty,2025-03-06
C11034,Mary Scott,Non-binary,West,Loyalty,2026-04-24
C11035,Suzanne Jones,Female,Online-only,Loyalty,2024-03-22
C11036,James Nguyen,Male,Northeast,Returning,2023-10-11
C11037,Judith Marks,Female,Online-only,New,2025-10-25
C11038,Lisa Mills,Female,Online-only,Returning,2024-05-07
C11039,Robert Hernandez,Non-binary,Online-only,Loyalty,2025-01-08
C11040,Peter Ayers,Male,Midwest,New,2026-05-15
C11041,Kristine Garcia,Female,Northeast,New,2023-10-25
C11042,Joseph Cooper,Male,Northeast,Returning,2024-04-24
C11043,Janet Washington,Female,Online-only,New,2025-02-08
C11044,Andrew Hill,Male,Southeast,New,2023-04-01
C11045,Lisa Steele,Female,Northeast,New,2022-10-29
C11046,Steve Rivera,Male,West,Loyalty,2023-08-15
C11047,Nichole Mccall,Female,Online-only,Returning,2026-04-04
C11048,Alejandro Roth,Male,Midwest,Returning,2023-11-19
C11049,Diana Vasquez,Female,Northeast,New,2025-06-15
C11050,Brett Melton,Male,West,Loyalty,2023-03-18
C11051,Valerie Ramos,Female,Northeast,Loyalty,2025-12-21
C11052,Joseph Butler,Non-binary,West,New,2025-04-02
C11053,Jacob Lewis,Non-binary,West,Returning,2025-12-18
C11054,Natalie Malone,Female,Northeast,Returning,2026-02-20
C11055,Lori Robertson,Non-binary,Southeast,Loyalty,2023-04-23
C11056,Larry Hunter,Non-binary,Northeast,Returning,2023-03-20
C11057,Melissa Suarez,Non-binary,Southeast,Returning,2022-10-15
C11058,Corey Whitaker,Male,Northeast,Returning,2026-01-06
C11059,David Bryant,Male,Southeast,Returning,2026-05-05
C11060,Michele Hill,Female,West,Returning,2025-12-18
C11061,Kathy Reid,Female,Midwest,New,2023-03-02
C11062,Andre Watson,Male,West,Returning,2025-01-17
C11063,Cassandra Harrell,Female,West,New,2025-01-06
C11064,Gregory Martin,Male,West,Loyalty,2026-03-31
C11065,Paul Barker,Male,Midwest,Returning,2023-10-24
C11066,Paul Martin,Non-binary,Southeast,Loyalty,2024-12-16
C11067,Tammie Vincent,Non-binary,West,Returning,2025-04-05
C11068,Michael Adams,Male,Midwest,Loyalty,2024-04-22
C11069,Alicia Deleon,Female,Southeast,Returning,2025-09-27
C11070,Alexa Buck,Female,Northeast,New,2025-04-05
C11071,Kyle Smith,Male,Northeast,New,2023-09-06
C11072,Renee Torres,Female,Southeast,Loyalty,2026-07-15
C11073,Marvin Coleman,Male,West,Returning,2024-03-05
C11074,Gregory King,Male,Midwest,Returning,2024-07-15
C11075,Megan Holloway,Female,Northeast,New,2024-04-04
C11076,Brian Hunt,Male,Southeast,Returning,2025-04-27
C11077,Megan Brooks,Non-binary,Southeast,Returning,2025-04-05
C11078,Lee Evans,Male,Northeast,Returning,2023-02-07
C11079,Caleb Mcneil,Non-binary,West,New,2025-03-26
C11080,Shannon Green,Female,Northeast,New,2025-07-07
C11081,Patricia Evans,Non-binary,Midwest,New,2023-04-09
C11082,Ralph Yoder,Male,Northeast,Returning,2025-11-21
C11083,Rebekah Greene,Female,Midwest,New,2025-04-24
C11084,Michael Griffith,Male,Midwest,Loyalty,2025-04-16
C11085,Yolanda Green,Female,Northeast,Returning,2024-05-06
C11086,James Johnson,Male,Southeast,Returning,2025-07-02
C11087,Kenneth Lee,Male,Midwest,New,2025-07-29
C11088,Daniel Nichols,Male,Southeast,Loyalty,2025-10-22
C11089,Rebecca Powers,Non-binary,Northeast,Loyalty,2024-09-12
C11090,Sarah Pittman,Female,Northeast,Returning,2026-03-05
C11091,Howard Davis,Non-binary,Southeast,Loyalty,2023-03-08
C11092,David Stokes,Male,Midwest,Loyalty,2025-09-20
C11093,Isaac Frazier,Non-binary,Southeast,Returning,2024-01-06
C11094,Brandon Kelly,Male,Midwest,New,2025-08-24
C11095,Elizabeth French,Female,Northeast,Loyalty,2023-12-30
C11096,Debbie Carter,Female,Midwest,Loyalty,2026-01-27
C11097,Thomas Delacruz,Non-binary,West,Returning,2025-01-02
C11098,Terry Jones,Female,Online-only,Returning,2026-03-24
C11099,Jonathan Dillon,Male,Online-only,Loyalty,2024-03-13
C11100,Edwin Brown,Male,Northeast,New,2026-02-01
C11101,Chad Gonzalez,Male,Northeast,Loyalty,2024-04-22
C11102,Keith Knox,Male,West,New,2024-07-02
C11103,Emily Baldwin,Female,Northeast,Returning,2025-10-14
C11104,Tony Welch,Non-binary,Southeast,New,2023-05-19
C11105,Mark Smith,Male,Online-only,New,2023-10-07
C11106,Kathleen Jackson,Non-binary,Midwest,Loyalty,2025-09-23
C11107,Katherine Gallagher,Female,Southeast,New,2023-01-09
C11108,Christina Schultz,Non-binary,Midwest,Loyalty,2024-04-13
C11109,Traci Reyes,Female,Online-only,Returning,2022-10-28
C11110,Christina Watson,Female,West,Loyalty,2022-09-23
C11111,Erica Whitaker,Female,Online-only,New,2023-06-08
C11112,Michael Sims,Male,Midwest,Returning,2023-09-01
C11113,Michael Cooper,Male,Southeast,New,2023-03-10
C11114,Patrick Chapman,Non-binary,West,Returning,2023-05-04
C11115,Rodney Evans,Male,Online-only,Returning,2023-11-01
C11116,Nicholas Carlson,Male,Northeast,Returning,2024-01-09
C11117,Stacy Cowan,Female,Online-only,New,2024-01-16
C11118,Stephanie Howard,Female,Southeast,Loyalty,2023-06-05
C11119,Tiffany Hull,Female,Online-only,New,2024-04-13
C11120,Crystal Acosta,Female,Online-only,Returning,2023-03-13
C11121,Morgan Lawrence,Female,Southeast,Returning,2023-05-07
C11122,Holly Santos,Female,Northeast,New,2022-10-27
C11123,Shawn Scott,Male,West,Loyalty,2024-10-22
C11124,Amber Vang,Female,West,Returning,2025-04-26
C11125,Matthew Smith,Male,Northeast,Returning,2025-06-06
C11126,Jason James,Male,Northeast,Loyalty,2024-11-10
C11127,Thomas Hernandez,Non-binary,Northeast,New,2025-06-13
C11128,Mark Turner,Male,West,New,2025-04-26
C11129,Matthew Nelson,Male,Northeast,Returning,2025-02-03
C11130,Chad Rivas,Male,Southeast,Loyalty,2023-02-03
C11131,Jennifer Wilson,Non-binary,Southeast,Loyalty,2023-02-16
C11132,Ashley Gonzalez,Female,Southeast,Returning,2023-06-21
C11133,Dennis Mills,Male,Northeast,Loyalty,2023-06-24
C11134,Jade Phillips,Non-binary,Midwest,Returning,2022-10-30
C11135,Kathleen Clark,Female,West,Returning,2026-05-27
C11136,Erin Smith,Female,Northeast,New,2025-05-10
C11137,Rebecca Conley,Non-binary,West,New,2025-05-06
C11138,Chase Davis,Male,West,Returning,2024-09-19
C11139,Misty Garcia,Female,West,Returning,2023-09-11
C11140,Crystal Hinton,Female,Midwest,New,2023-11-09
C11141,John Garcia,Male,Midwest,New,2023-05-16
C11142,Amanda Roberts,Female,Midwest,Loyalty,2025-11-16
C11143,Emily Rodgers,Female,Midwest,Returning,2023-01-19
C11144,Olivia Williams,Female,Midwest,New,2026-01-28
C11145,Mary Jackson,Female,West,Loyalty,2024-02-06
C11146,Jeffrey Howell,Male,Midwest,New,2026-03-08
C11147,Anna Briggs,Female,Midwest,Returning,2023-05-27
C11148,Jennifer Rivers,Female,Southeast,New,2023-10-04
C11149,Janice Jefferson,Female,Southeast,New,2025-11-13
C11150,Mariah Robles,Female,Online-only,New,2023-02-15
C11151,Melissa Brown,Female,Northeast,Returning,2026-06-10
C11152,Christopher Perry,Male,Online-only,Loyalty,2025-01-12
C11153,Leah Gregory,Non-binary,Southeast,Returning,2023-05-25
C11154,James Howard,Male,West,Returning,2022-10-15
C11155,Melinda Roberson,Female,Southeast,Returning,2026-07-25
C11156,Carlos Knapp,Male,West,Returning,2023-02-14
C11157,Robert Williams,Non-binary,West,Returning,2023-09-19
C11158,Ernest Bush,Male,West,Returning,2025-05-19
C11159,Randall Ray,Male,Online-only,Returning,2024-12-05
C11160,Tiffany Santiago,Non-binary,Southeast,New,2024-01-09
C11161,Alexandra Haynes,Non-binary,Northeast,New,2023-01-20
C11162,Matthew Wright,Male,West,Returning,2024-01-20
C11163,Erica Cruz,Non-binary,West,New,2026-01-09
C11164,Kristin Huerta,Female,West,New,2022-11-21
C11165,Mason Moore,Male,West,Returning,2026-01-24
C11166,Sarah Booth,Female,Southeast,Returning,2022-12-21
C11167,John Allen,Male,Online-only,Returning,2026-07-20
C11168,Brent Walker,Non-binary,Midwest,Returning,2025-03-30
C11169,Jamie Young,Male,Online-only,Returning,2024-07-04
C11170,Robert West,Male,Midwest,Returning,2026-02-04
C11171,Jeremy Wilson,Male,Northeast,New,2024-08-29
C11172,Matthew Garcia,Male,Online-only,Loyalty,2024-04-27
C11173,Justin Smith,Male,Northeast,Loyalty,2023-01-13
C11174,Larry Montgomery,Male,West,Returning,2023-11-21
C11175,Jordan Clark,Male,Southeast,New,2025-05-10
C11176,Trevor Cox,Male,Southeast,Loyalty,2022-11-21
C11177,Daniel Gibson,Male,Midwest,New,2024-11-28
C11178,Lisa Kennedy,Female,Northeast,Returning,2025-04-19
C11179,Mike Wilson,Male,Southeast,Loyalty,2025-09-15
C11180,Daniel Peterson,Male,Northeast,Returning,2025-12-27
C11181,Tracey Carter,Female,Online-only,Loyalty,2024-10-04
C11182,Jacqueline Williams,Non-binary,Northeast,Returning,2023-04-30
C11183,Charles Love,Male,Southeast,Loyalty,2025-07-22
C11184,Ashley Carr,Female,Northeast,Returning,2023-06-03
C11185,Sarah Long,Non-binary,Southeast,New,2024-07-01
C11186,Rachael Love,Female,Southeast,Returning,2023-02-07
C11187,Robert House,Non-binary,Midwest,Returning,2026-01-07
C11188,Kevin Barton,Male,Southeast,Loyalty,2024-06-21
C11189,Mary Blanchard,Female,West,New,2023-03-18
C11190,Jonathan Moreno,Male,Northeast,New,2022-11-12
C11191,Timothy Roberson,Male,Northeast,New,2024-08-08
C11192,William Morse,Non-binary,Northeast,Returning,2023-05-19
C11193,Laura Cross,Female,Southeast,Returning,2023-03-09
C11194,Paul Burke,Non-binary,West,Returning,2026-03-14
C11195,Kathy Cruz,Female,West,Returning,2026-08-03
C11196,Sydney Farmer,Female,Northeast,New,2023-10-07
C11197,Victor Waller,Male,Southeast,Returning,2024-06-25
C11198,Casey Gutierrez,Male,West,New,2025-06-21
C11199,Nicole Evans,Female,Southeast,Returning,2025-06-23
C11200,Michelle Joseph,Non-binary,Southeast,Returning,2026-05-30
C11201,Mark Harris,Male,Southeast,Loyalty,2025-03-02
C11202,Kelly Reed,Non-binary,West,New,2025-05-11
C11203,Vicki Santos,Female,West,Returning,2026-07-03
C11204,William Benson,Non-binary,Northeast,New,2023-12-17
C11205,Darrell Bell,Non-binary,Online-only,Returning,2024-08-04
C11206,Kenneth Contreras,Male,Southeast,New,2024-05-04
C11207,Paul Skinner,Male,Online-only,Returning,2023-10-25
C11208,Ryan Stokes,Male,Southeast,New,2024-10-05
C11209,Allison Thomas,Female,Online-only,Loyalty,2025-05-08
C11210,Curtis Christensen,Male,Northeast,New,2023-04-25
C11211,Justin King,Non-binary,Northeast,Returning,2026-01-10
C11212,Melissa Phillips,Female,West,Returning,2025-09-07
C11213,Amanda Cervantes,Female,Southeast,New,2023-01-30
C11214,Sean Stevenson,Male,Online-only,Loyalty,2026-02-16
C11215,Natalie Hoffman,Female,West,Returning,2023-08-15
C11216,Rachel Lindsey,Female,Northeast,Loyalty,2023-10-27
C11217,Mary House,Female,Northeast,New,2024-03-21
C11218,Tyler Daugherty,Male,Southeast,Loyalty,2023-12-03
C11219,Andrea Smith,Non-binary,Southeast,Returning,2023-09-04
C11220,Lisa Norman,Female,West,New,2026-02-24
C11221,Ronald Pruitt,Male,Southeast,Returning,2025-06-27
C11222,Matthew Fischer,Male,West,Returning,2024-11-09
C11223,Larry Parsons,Male,West,Loyalty,2026-07-11
C11224,Elizabeth Thompson,Female,Northeast,Returning,2025-05-26
C11225,Cody Thompson,Male,Northeast,Loyalty,2024-09-22
C11226,James Patterson,Male,West,Returning,2024-11-23
C11227,Carlos Silva,Male,West,Loyalty,2023-09-10
C11228,Mark Mckinney,Non-binary,Northeast,Returning,2023-04-17
C11229,Christian Morris,Male,Midwest,Returning,2022-11-16
C11230,Timothy Gilbert,Male,Midwest,New,2025-04-26
C11231,Katherine Armstrong,Female,Northeast,Loyalty,2024-02-07
C11232,Kristen Stewart,Non-binary,West,Returning,2023-07-21
C11233,Ivan Jones,Non-binary,Southeast,Loyalty,2024-09-09
C11234,Jennifer Herrera,Female,Midwest,Returning,2023-01-15
C11235,Jeffrey Lewis,Non-binary,Northeast,Returning,2023-12-31
C11236,Isaac Robinson,Male,Midwest,Returning,2025-09-05
C11237,Joseph Barajas,Male,Northeast,Loyalty,2025-12-18
C11238,Tina Smith,Non-binary,Northeast,Returning,2025-05-06
C11239,Jeremy Conway,Male,Midwest,Returning,2025-02-15
C11240,Marc Haley,Male,Online-only,New,2025-05-26
C11241,Frank Moon,Male,Southeast,Returning,2026-06-13
C11242,Janice Fernandez,Female,Northeast,New,2023-10-20
C11243,Thomas Short,Male,Southeast,New,2024-03-03
C11244,Robert Griffin,Male,Midwest,Returning,2022-11-06
C11245,Stephanie Lee,Female,Online-only,Returning,2024-09-22
C11246,Tiffany Jackson,Female,Online-only,Returning,2026-06-30
C11247,Kimberly Smith,Female,Northeast,Returning,2022-12-07
C11248,Ellen Ayala,Non-binary,Midwest,Loyalty,2026-02-16
C11249,Roger Garcia,Non-binary,Online-only,Returning,2024-10-27
C11250,Jacqueline Cherry,Non-binary,Midwest,Returning,2025-10-08
C11251,Matthew Case,Male,Online-only,Returning,2025-08-28
C11252,Brittany Stevens,Female,West,Loyalty,2023-12-31
C11253,Anita Brown,Female,Midwest,Returning,2025-11-05
C11254,Justin Andrews,Male,West,Returning,2023-08-01
C11255,David Hughes,Male,Northeast,Loyalty,2025-03-11
C11256,Jeffrey Smith,Male,Northeast,Returning,2025-05-13
C11257,Kimberly May,Female,Midwest,Returning,2025-02-21
C11258,Nicole Richards,Female,Northeast,New,2025-06-22
C11259,Benjamin Reilly,Male,West,Returning,2023-02-04
C11260,Richard Turner,Male,Northeast,Returning,2023-01-07
C11261,Preston Kim,Male,Northeast,Loyalty,2024-04-01
C11262,Matthew Wells,Male,Midwest,Loyalty,2024-10-20
C11263,Brandy Myers,Female,Northeast,Returning,2025-11-10
C11264,Amy Choi,Non-binary,Northeast,Loyalty,2023-04-01
C11265,Michael Sloan,Male,West,Loyalty,2025-11-06
C11266,Nicholas Brooks,Male,Online-only,New,2026-06-20
C11267,Kristen Peters,Female,Midwest,Returning,2023-03-01
C11268,Adam Carlson,Non-binary,Midwest,Returning,2024-10-26
C11269,Travis Torres,Male,West,New,2025-08-30
C11270,Steven Cooper,Male,Northeast,Returning,2024-04-27
C11271,Debbie Hunt,Non-binary,Online-only,Returning,2023-04-25
C11272,Daniel Davenport,Male,Southeast,Returning,2023-06-13
C11273,Christopher Marsh,Male,Southeast,Loyalty,2026-01-29
C11274,Sarah Randolph,Female,Midwest,New,2026-08-24
C11275,Joel Dunn,Male,Midwest,Loyalty,2023-11-01
C11276,Carlos Garcia,Non-binary,Southeast,Returning,2025-07-28
C11277,Katelyn Rivera,Female,West,Loyalty,2023-03-09
C11278,Matthew Garcia,Male,Northeast,Returning,2025-02-23
C11279,Stephanie Stewart,Female,West,Loyalty,2024-06-21
C11280,Luis Torres,Male,Online-only,Returning,2025-01-02
C11281,Keith Diaz,Male,Midwest,Returning,2023-12-08
C11282,Jessica Smith,Female,West,Loyalty,2023-08-28
C11283,Jeffrey Singh,Non-binary,Midwest,Returning,2024-05-31
C11284,Ryan Taylor,Male,West,Loyalty,2025-08-08
C11285,Natalie Ford,Non-binary,Southeast,Loyalty,2024-02-08
C11286,Elizabeth Arnold,Female,Midwest,New,2023-05-17
C11287,Lawrence Wilkinson,Male,Northeast,New,2026-02-07
C11288,Brenda Ryan,Female,West,New,2023-09-22
C11289,Stacey Jones,Female,West,New,2022-12-22
C11290,Alicia Hunter,Female,West,Returning,2022-10-18
C11291,Bonnie Sullivan,Non-binary,Northeast,Loyalty,2025-01-11
C11292,Susan Arnold,Female,West,Returning,2024-11-04
C11293,Yolanda Kennedy,Non-binary,Online-only,Returning,2025-10-08
C11294,Michael Walker,Non-binary,Southeast,Returning,2025-10-04
C11295,Morgan Carter,Female,West,New,2024-07-12
C11296,Jordan Sanders,Male,Southeast,Loyalty,2024-09-05
C11297,Mary Charles,Female,Online-only,New,2025-11-23
C11298,Lisa Martin,Female,Northeast,Loyalty,2024-09-22
C11299,Jeremy White,Male,West,Loyalty,2026-06-19
C11300,Mary Faulkner,Female,West,Returning,2025-08-12
C11301,Timothy Howard,Non-binary,Northeast,Returning,2023-07-19
C11302,John Brown,Male,Southeast,New,2024-02-24
C11303,Amanda Clark,Female,Northeast,New,2026-04-20
C11304,Michael Harrison,Non-binary,Northeast,New,2024-06-27
C11305,Amber Hooper,Female,Midwest,New,2023-12-20
C11306,Jane Boyd,Non-binary,West,New,2025-12-27
C11307,Ruben Baker,Male,West,New,2024-11-05
C11308,Christopher Valdez,Male,Online-only,Returning,2024-02-18
C11309,Denise Houston,Non-binary,West,Returning,2024-09-26
C11310,Nicholas Solomon,Non-binary,Midwest,New,2024-09-25
C11311,Heather Parrish,Female,Midwest,Loyalty,2024-08-13
C11312,Timothy Munoz,Non-binary,Northeast,Returning,2024-09-04
C11313,Charles Martin,Male,Midwest,Returning,2022-12-24
C11314,Maria Lewis,Female,Southeast,New,2023-06-02
C11315,Heidi Love,Female,Southeast,Returning,2023-02-22
C11316,Jerry Shepherd,Non-binary,Midwest,Loyalty,2025-07-20
C11317,Karen Mendoza,Female,Northeast,Returning,2023-07-07
C11318,Christopher Whitaker,Male,Online-only,Returning,2022-10-05
C11319,Bradley Berry,Non-binary,Southeast,New,2023-04-26
C11320,Lori Williams,Female,Southeast,Loyalty,2024-12-16
C11321,Amy Scott,Female,Southeast,Returning,2023-05-23
C11322,Tina Greene,Female,Northeast,Returning,2024-12-03
C11323,Alicia Ball,Female,Midwest,Returning,2025-04-26
C11324,Drew Miller,Male,Northeast,Loyalty,2024-06-19
C11325,Willie Dillon,Male,Southeast,New,2023-05-10
C11326,Sandra Burke,Female,Northeast,Loyalty,2025-11-06
C11327,Lori White,Non-binary,Midwest,Returning,2025-04-23
C11328,Dennis Ramsey,Male,West,Loyalty,2024-01-16
C11329,Jesse Garza,Male,West,New,2023-08-04
C11330,James Rodriguez,Male,West,Loyalty,2023-06-25
C11331,Scott Gordon,Male,Northeast,Returning,2024-05-07
C11332,Brittany Davis,Female,Northeast,New,2024-07-28
C11333,Lisa Williams,Female,Midwest,Returning,2025-10-21
C11334,Jonathan Wilson,Male,Online-only,Returning,2024-08-07
C11335,Carlos Munoz,Male,West,Returning,2025-12-24
C11336,Stephanie Hampton,Female,Southeast,New,2025-04-07
C11337,Kelly Wood,Female,West,Returning,2022-11-05
C11338,Alyssa Perez,Non-binary,Northeast,Loyalty,2025-11-17
C11339,Rachel James,Female,Online-only,New,2025-01-10
C11340,Natalie Juarez,Female,Midwest,Returning,2025-06-16
C11341,Brent Anderson,Male,Southeast,Loyalty,2024-07-30
C11342,Crystal Trevino,Female,Midwest,Returning,2023-10-21
C11343,Shawn Ortiz,Male,West,Loyalty,2023-06-05
C11344,Jenna Clarke,Non-binary,Southeast,Returning,2024-12-24
C11345,Autumn Smith,Female,West,Loyalty,2025-04-15
C11346,Melissa Stewart,Female,Online-only,New,2024-02-13
C11347,Eric Pearson,Non-binary,Northeast,New,2023-09-08
C11348,Melissa Henderson,Non-binary,Midwest,Returning,2024-02-18
C11349,Desiree Becker,Female,Southeast,Returning,2025-09-09
C11350,Jennifer Bowers,Female,Northeast,Loyalty,2024-08-07
C11351,Mitchell Peters,Non-binary,Northeast,New,2023-09-08
C11352,Kristopher Cooper,Non-binary,West,New,2025-06-29
C11353,Noah Wyatt,Male,West,Returning,2025-04-22
C11354,Nicole Griffin,Female,Online-only,Loyalty,2025-06-19
C11355,Evan Lewis,Non-binary,Midwest,Returning,2024-04-09
C11356,Gina Pierce,Female,West,New,2025-06-16
C11357,Michael Martin,Male,West,Returning,2026-07-12
C11358,Abigail Davis,Female,Southeast,Returning,2023-04-03
C11359,Timothy Graham,Male,Northeast,Returning,2022-12-05
C11360,Daniel Miller,Male,Southeast,Returning,2022-10-28
C11361,Patrick Joyce,Non-binary,West,Returning,2025-02-15
C11362,Joseph Dawson,Male,Midwest,Returning,2025-01-22
C11363,Theresa Wilkins,Female,Online-only,New,2025-03-25
C11364,Jessica Harris,Female,Southeast,New,2025-04-19
C11365,Robert Mitchell,Male,Southeast,Returning,2022-10-22
C11366,Linda Black,Female,Online-only,Returning,2023-08-07
C11367,Caroline Johnson,Female,West,Returning,2023-08-18
C11368,April Moore,Female,Northeast,Returning,2026-08-28
C11369,Penny Gomez,Female,Online-only,New,2024-04-01
C11370,Brenda Holmes,Non-binary,Northeast,Returning,2025-08-13
C11371,Andrea Davis,Female,West,Loyalty,2023-10-23
C11372,Maria Herman,Non-binary,West,Loyalty,2024-01-24
C11373,Sylvia Hill,Non-binary,Southeast,Returning,2025-02-04
C11374,Cheyenne Spears,Female,Midwest,Returning,2024-12-20
C11375,Jose Russell,Non-binary,Midwest,Loyalty,2023-02-05
C11376,Andrea Phillips,Female,Southeast,Loyalty,2026-06-16
C11377,Leah Frye,Non-binary,West,Returning,2026-03-05
C11378,Robert Andrews,Male,Midwest,New,2025-06-12
C11379,Tracy Hart,Female,Midwest,Returning,2025-10-01
C11380,Katherine Ali,Non-binary,West,Loyalty,2024-07-03
C11381,Joe Matthews,Male,Midwest,New,2022-10-12
C11382,Darren Jones,Non-binary,West,Loyalty,2025-03-16
C11383,Zachary Rhodes,Male,Online-only,New,2023-08-04
C11384,Ethan Moses,Male,Southeast,New,2024-09-26
C11385,Adam Collier,Male,Northeast,New,2023-08-31
C11386,Anna Nunez,Female,Southeast,Loyalty,2025-12-14
C11387,Angela Velazquez,Female,Northeast,Returning,2024-07-29
C11388,Heather Shannon,Female,West,Returning,2023-09-30
C11389,Theresa Vega,Female,West,New,2026-04-23
C11390,Victor Gonzalez,Non-binary,Midwest,Returning,2025-08-11
C11391,Shane Clark,Male,Southeast,Returning,2023-06-26
C11392,Danielle Montgomery,Female,Midwest,Returning,2023-04-18
C11393,Brian Mora,Male,Midwest,Returning,2025-05-16
C11394,Mary Austin,Female,Midwest,Returning,2025-09-22
C11395,Amber Williams,Non-binary,Northeast,Loyalty,2024-08-07
C11396,Marc Vasquez,Male,Northeast,New,2026-08-11
C11397,Stephanie Melton,Female,Northeast,New,2024-08-19
C11398,Victoria Moon,Female,Midwest,Loyalty,2023-10-17
C11399,Daniel Ray,Male,Southeast,Returning,2022-11-21
C11400,Rebecca Mendoza,Female,Midwest,Returning,2024-10-31
C11401,Jonathan Long,Male,Midwest,Returning,2025-06-01
C11402,Christopher Bray,Male,Northeast,New,2025-06-18
C11403,Steve Norris,Non-binary,Midwest,New,2022-09-20
C11404,Jason Carpenter,Non-binary,Northeast,Returning,2023-12-22
C11405,Lisa Green,Female,Northeast,Loyalty,2024-11-11
C11406,Joel Ruiz,Non-binary,Online-only,Returning,2025-02-14
C11407,Michael Jimenez,Non-binary,West,Loyalty,2023-07-07
C11408,Mercedes Watson,Female,Online-only,New,2026-02-01
C11409,Joshua White,Non-binary,Online-only,Loyalty,2023-03-13
C11410,Kenneth Perez,Male,Northeast,Returning,2023-01-26
C11411,Devin Young,Male,West,Loyalty,2024-05-26
C11412,James Thomas,Male,West,Returning,2026-07-04
C11413,Chase Shaffer,Male,West,Returning,2023-05-18
C11414,Jonathan Cowan,Male,Midwest,New,2026-01-25
C11415,Jose Le,Male,Southeast,New,2025-10-23
C11416,Elijah Hart,Male,Midwest,Loyalty,2024-12-10
C11417,James Vaughn,Male,West,Returning,2022-11-29
C11418,Robert Woods,Male,Midwest,Returning,2025-03-10
C11419,Joanna Cook,Female,Online-only,Returning,2024-02-12
C11420,Kristina Frederick,Female,Northeast,Returning,2023-09-14
C11421,Andrew Martinez,Non-binary,Midwest,New,2026-02-20
C11422,Victor Gonzalez,Male,Midwest,Returning,2024-12-21
C11423,Mariah Thompson,Female,West,Returning,2025-10-16
C11424,Henry Nunez,Male,West,Returning,2024-08-14
C11425,Jill Preston,Non-binary,West,Loyalty,2024-03-12
C11426,Justin Welch,Non-binary,Northeast,New,2023-04-02
C11427,Christopher Morton,Male,West,Loyalty,2024-01-08
C11428,Lynn Duncan,Female,Southeast,Loyalty,2026-01-24
C11429,Benjamin Martin,Male,Southeast,New,2023-08-02
C11430,Emily Carter,Female,Midwest,New,2023-09-28
C11431,Maria Nelson,Female,Southeast,New,2024-06-13
C11432,Shari Cox,Female,Southeast,New,2025-01-06
C11433,Vincent Gutierrez,Male,West,New,2023-05-29
C11434,Andrew Luna,Non-binary,Midwest,Returning,2025-04-26
C11435,Teresa Haynes,Female,Online-only,Returning,2022-12-28
C11436,Christopher Garcia,Male,Southeast,Loyalty,2022-12-05
C11437,Shawn Kelley,Male,Northeast,Returning,2022-10-11
C11438,James Hubbard,Male,Southeast,Returning,2023-01-02
C11439,Deborah Moore,Female,West,Returning,2025-04-16
C11440,Stephen Parker,Male,Online-only,Returning,2023-08-30
C11441,Duane Sims,Male,Midwest,Returning,2023-03-13
C11442,Ryan Johnson,Male,Northeast,Returning,2025-04-28
C11443,Shannon Nguyen,Female,West,Returning,2024-07-29
C11444,Vanessa Fernandez,Female,Northeast,Loyalty,2023-10-05
C11445,Jill Montes,Female,West,Loyalty,2025-06-17
C11446,Christopher Harper,Male,Online-only,Returning,2025-03-12
C11447,Madison Elliott,Female,Southeast,Returning,2024-10-06
C11448,Danielle Collins,Non-binary,Northeast,Returning,2024-01-22
C11449,Joshua Ballard,Male,West,Returning,2024-06-09
C11450,Michael Green,Non-binary,Northeast,Loyalty,2023-11-20
C11451,Aaron Ochoa,Male,West,Returning,2026-01-23
C11452,Gregg Harrison,Male,Online-only,Loyalty,2022-09-15
C11453,Sandra Arroyo,Non-binary,Southeast,New,2024-07-30
C11454,Albert Jordan,Non-binary,Midwest,Returning,2023-11-04
C11455,Jerry Smith,Non-binary,Northeast,New,2024-03-01
C11456,Jason Castro,Male,West,Loyalty,2024-04-01
C11457,Carla Mclaughlin,Female,Online-only,Loyalty,2024-03-24
C11458,Jamie Baker,Female,West,Returning,2024-05-11
C11459,David Duran,Male,Midwest,Returning,2026-04-23
C11460,Rhonda Cohen,Female,Online-only,Returning,2023-10-23
C11461,Julia Lamb,Non-binary,Online-only,Returning,2024-04-27
C11462,Sarah White,Female,Southeast,Loyalty,2023-10-30
C11463,Mark Williamson,Male,Online-only,Returning,2023-10-05
C11464,Lisa Lopez,Female,Northeast,Returning,2022-10-01
C11465,Brandon Nichols,Non-binary,Northeast,Returning,2023-06-01
C11466,Ashley Adams,Female,West,Loyalty,2025-07-13
C11467,Jessica Hall,Non-binary,West,Returning,2023-04-10
C11468,Johnny Peterson,Male,Online-only,Returning,2023-12-01
C11469,Robert Bolton,Male,West,Loyalty,2024-07-10
C11470,Rick Rivera,Male,West,Loyalty,2026-01-16
C11471,Tiffany Brown,Female,Midwest,New,2025-10-09
C11472,Benjamin Harrison,Male,West,Loyalty,2023-06-10
C11473,Ryan Roth,Male,West,Returning,2025-12-25
C11474,Barbara Tate,Female,Midwest,New,2023-09-01
C11475,Patricia Ramos,Female,Southeast,New,2025-08-14
C11476,Amanda Murray,Female,Northeast,Loyalty,2025-10-02
C11477,Joseph Hendrix,Male,Southeast,New,2024-07-24
C11478,Erin Collins,Non-binary,Southeast,Loyalty,2023-12-18
C11479,Mark Williams,Male,Midwest,New,2026-06-02
C11480,Joseph King,Male,Online-only,New,2025-03-23
C11481,Cristian Clay,Male,West,Loyalty,2026-02-14
C11482,Claudia Rodriguez,Female,Northeast,New,2025-03-15
C11483,Erika Jackson,Female,West,Returning,2023-10-11
C11484,David Mccormick,Non-binary,Northeast,Loyalty,2022-09-16
C11485,Amanda Logan,Female,West,Returning,2024-07-27
C11486,Linda Watson,Female,Midwest,Loyalty,2023-01-11
C11487,Eric Davis,Non-binary,Online-only,Returning,2025-02-22
C11488,Sarah Shea,Non-binary,Southeast,New,2025-03-03
C11489,Brian Newman,Non-binary,Northeast,Returning,2025-06-22
C11490,Rick Martinez,Male,Midwest,Returning,2023-08-08
C11491,Tina Kramer,Non-binary,Southeast,Loyalty,2025-09-11
C11492,Robert Gonzales,Male,Midwest,New,2023-06-11
C11493,Hannah Howard,Non-binary,Midwest,Returning,2023-03-18
C11494,Stephanie Washington,Female,West,Returning,2024-06-02
C11495,Elizabeth Terry,Female,Southeast,Returning,2023-06-07
C11496,Chelsea Bailey,Female,Northeast,New,2025-08-07
C11497,Denise Guerra,Female,Midwest,Returning,2026-04-30
C11498,Kristen Jones,Female,Northeast,Returning,2023-04-17
C11499,Edward Baker,Male,West,Returning,2024-02-20
C11500,Aaron Little,Male,Southeast,New,2024-03-09
C11501,Cody Smith,Male,Online-only,Returning,2026-02-04
C11502,Patty Allen,Female,West,Loyalty,2025-07-21
C11503,Dominique Ryan,Non-binary,Midwest,Returning,2024-03-21
C11504,Joseph Jimenez,Male,West,Returning,2024-11-16
C11505,Louis Morris,Male,West,New,2025-03-26
C11506,Brian Mills,Male,Northeast,Loyalty,2022-12-09
C11507,Mary Anderson,Non-binary,Midwest,Returning,2026-03-01
C11508,Dale Washington,Male,Southeast,Returning,2023-01-25
C11509,Ashley Huff,Non-binary,Northeast,New,2025-04-20
C11510,Joseph Miles,Male,Northeast,Loyalty,2023-09-11
C11511,Jacob Obrien,Male,West,New,2022-12-15
C11512,Tara Clark,Female,Southeast,Returning,2024-08-20
C11513,Pamela Miller,Non-binary,Online-only,New,2025-11-15
C11514,Amy Grant,Female,Southeast,Returning,2026-06-03
C11515,Robert Wood,Non-binary,Northeast,Returning,2025-07-03
C11516,Madison Baker,Non-binary,Northeast,Loyalty,2022-11-01
C11517,Andrea Torres,Female,Southeast,Returning,2026-06-13
C11518,Tyler Davis,Male,Online-only,Returning,2025-07-27
C11519,Kim Lopez,Female,Midwest,Loyalty,2024-10-10
C11520,David Garrett,Male,West,Loyalty,2023-05-22
C11521,Paul Perry,Male,West,Returning,2023-02-04
C11522,Margaret Howard,Female,Northeast,Returning,2024-07-03
C11523,Mary Andrade,Female,Southeast,Returning,2023-05-04
C11524,Catherine Morales,Female,Midwest,Returning,2024-01-08
C11525,Christopher Murillo,Male,West,Loyalty,2024-06-10
C11526,Michael Edwards,Non-binary,Midwest,Returning,2026-08-20
C11527,Frederick Watson,Male,Northeast,New,2025-09-22
C11528,Jeffrey Swanson,Male,West,Loyalty,2025-02-07
C11529,Kristine Lewis,Female,Northeast,Returning,2025-09-24
C11530,Tammy King,Female,Northeast,Loyalty,2026-07-08
C11531,Seth Sanders,Non-binary,Northeast,Loyalty,2025-07-29
C11532,Tonya Larson,Non-binary,West,New,2024-09-27
C11533,Wendy Turner,Female,West,New,2023-11-15
C11534,Daniel Foley,Male,Southeast,New,2022-10-04
C11535,Samantha Norris,Female,Midwest,New,2023-10-10
C11536,Angela Hawkins,Non-binary,West,New,2026-05-16
C11537,Brittney Johnson,Female,Online-only,Returning,2024-02-04
C11538,Charles Richardson,Male,Midwest,Loyalty,2024-12-30
C11539,Crystal Shepherd,Female,Midwest,New,2023-01-15
C11540,Ricardo Hardin,Non-binary,Northeast,Returning,2025-08-10
C11541,Jennifer Mcguire,Non-binary,Midwest,Returning,2023-05-13
C11542,Margaret Norris,Non-binary,Southeast,Returning,2024-12-22
C11543,Rebecca Larson,Non-binary,Southeast,New,2023-11-15
C11544,Monica Johnston,Female,Southeast,New,2022-12-26
C11545,Amy Wise,Female,Northeast,Returning,2024-01-23
C11546,Robert Butler,Male,Southeast,Returning,2026-02-21
C11547,Sheila Perez,Female,West,Returning,2025-04-13
C11548,Lance Smith,Male,Southeast,Loyalty,2025-10-12
C11549,Janet Torres,Female,Midwest,Loyalty,2022-11-02
C11550,Amber Hernandez,Non-binary,Southeast,Returning,2024-09-05
C11551,Jeffrey Williams,Non-binary,Midwest,New,2025-08-06
C11552,James Griffin,Male,West,New,2025-01-18
C11553,Kathy Walker,Female,Midwest,New,2023-10-31
C11554,Phillip Anderson,Non-binary,West,Returning,2023-01-01
C11555,Laura Williams,Female,West,Returning,2024-04-07
C11556,Angela Shaw,Female,Southeast,Loyalty,2025-10-06
C11557,Carlos Taylor,Male,Northeast,New,2024-11-27
C11558,John Pearson,Male,West,New,2023-06-16
C11559,Christina Fitzgerald,Non-binary,Midwest,Returning,2023-08-28
C11560,Benjamin Frank,Male,Northeast,Returning,2023-12-19
C11561,Thomas Davis,Male,Online-only,Returning,2025-05-10
C11562,Jay Bailey,Male,West,Returning,2023-12-15
C11563,Kirk Johnson,Male,Northeast,New,2023-11-22
C11564,William Jensen,Male,Southeast,Returning,2026-08-18
C11565,Jeremy Thomas,Male,Online-only,Returning,2022-11-07
C11566,Sabrina Gonzalez,Female,Southeast,Loyalty,2024-03-01
C11567,Peter Farrell,Male,Northeast,Loyalty,2023-02-14
C11568,Amy Rush,Female,Midwest,New,2026-05-18
C11569,Sheila Wilkins,Female,West,Loyalty,2022-09-23
C11570,Melissa Rodriguez,Female,Online-only,Returning,2024-06-21
C11571,Alexander Clark,Male,West,Returning,2024-10-27
C11572,Christina Mills,Female,Northeast,Returning,2023-09-15
C11573,Karen Blair,Female,Midwest,Loyalty,2023-03-28
C11574,Michael Smith,Male,Southeast,Loyalty,2025-01-01
C11575,Mary Williams,Female,Northeast,Returning,2023-05-09
C11576,Justin Mccormick,Non-binary,Midwest,New,2025-02-21
C11577,Amy Pena,Female,Northeast,Loyalty,2022-09-15
C11578,James Nelson,Male,Online-only,New,2026-01-29
C11579,Matthew Lin,Male,Southeast,New,2022-09-30
C11580,Sharon Banks,Female,Midwest,Returning,2023-08-06
C11581,James Bray,Male,Northeast,New,2023-01-26
C11582,Ethan Delacruz,Male,West,New,2024-10-18
C11583,Charlotte Mason,Female,Southeast,Returning,2024-07-02
C11584,Sara Smith,Non-binary,Southeast,Loyalty,2023-08-30
C11585,Kendra Cook,Female,Northeast,Returning,2024-03-30
C11586,Eric Reed,Non-binary,West,New,2024-01-29
C11587,Mario Young,Male,Southeast,Returning,2026-08-01
C11588,Kathryn Cain,Female,West,Returning,2025-03-04
C11589,Shawn Zamora,Male,Northeast,Returning,2025-12-05
C11590,Allen Peters,Male,Southeast,New,2023-10-17
C11591,Christian Prince,Male,Midwest,Returning,2025-04-19
C11592,Brandon Reyes,Male,Northeast,New,2026-07-06
C11593,Lisa Garrett,Female,Southeast,Returning,2023-08-01
C11594,John Hernandez,Non-binary,Online-only,Returning,2026-07-20
C11595,Susan Murphy,Female,Midwest,Returning,2024-11-02
C11596,Christine Taylor,Female,Midwest,Returning,2024-11-01
C11597,Lauren Huffman,Non-binary,Southeast,New,2023-11-28
C11598,Michele Mills,Female,West,Returning,2023-03-19
C11599,Wendy Daugherty,Non-binary,Southeast,Returning,2023-04-02
C11600,Sarah Stark,Non-binary,West,New,2023-12-10
C11601,Justin Fry,Male,West,New,2023-02-22
C11602,Emily Hobbs,Female,Southeast,Returning,2025-07-30
C11603,Pamela Beard,Female,Northeast,Returning,2024-04-29
C11604,Jennifer Ramos,Female,West,New,2026-05-28
C11605,Stephanie Mahoney,Female,Northeast,Returning,2023-10-07
C11606,Peggy Rodriguez,Female,Northeast,Returning,2023-05-30
C11607,Phillip Salazar,Male,West,Returning,2023-09-27
C11608,Ashley Hall,Non-binary,Southeast,Returning,2023-08-07
C11609,Grace Howard,Non-binary,West,New,2025-06-03
C11610,John Shaw,Male,West,Loyalty,2025-02-01
C11611,Michelle Brooks,Female,Midwest,Returning,2026-01-29
C11612,Katherine Taylor,Female,Midwest,Loyalty,2023-06-12
C11613,Andrew Duran,Male,West,Loyalty,2022-09-24
C11614,Debra Gutierrez,Female,West,New,2025-08-21
C11615,Virginia Todd,Female,West,Loyalty,2022-12-08
C11616,Tammy Duke,Female,Online-only,Loyalty,2026-02-20
C11617,Katherine Nguyen,Female,Northeast,New,2024-07-02
C11618,David Sullivan,Male,Northeast,Returning,2022-11-03
C11619,Nicolas James,Male,Midwest,Loyalty,2023-12-03
C11620,Cheryl Newton,Non-binary,West,Returning,2025-01-16
C11621,Kelly Liu,Female,West,Returning,2025-10-25
C11622,Joseph Hayes,Male,West,Returning,2025-12-23
C11623,Amanda Forbes,Female,Northeast,New,2024-09-29
C11624,James Moss,Male,Midwest,Returning,2024-11-25
C11625,Zachary Mccoy,Non-binary,Online-only,Returning,2022-11-13
C11626,Doris Sanders,Female,Online-only,Returning,2023-11-21
C11627,Samantha Murray,Female,West,Returning,2024-05-11
C11628,Louis Brown,Male,West,Returning,2024-09-26
C11629,Charles Gallegos,Male,Midwest,New,2024-06-23
C11630,Jennifer Wilson,Non-binary,Online-only,New,2025-10-13
C11631,Todd Horton,Male,Midwest,Returning,2023-03-19
C11632,Jennifer Hayes,Female,Online-only,Returning,2023-05-22
C11633,Brittany Marquez,Non-binary,Northeast,Loyalty,2023-06-24
C11634,Jordan Wright,Female,Southeast,New,2025-06-08
C11635,Susan Hogan,Female,Northeast,Loyalty,2025-07-17
C11636,Becky Wilson,Female,Online-only,Returning,2024-06-20
C11637,Michael Mills,Non-binary,Online-only,New,2024-03-16
C11638,Raven Hunt,Female,Midwest,New,2026-06-20
C11639,Jamie James,Female,Southeast,Returning,2025-09-28
C11640,Thomas Cunningham,Male,Southeast,Returning,2025-04-22
C11641,Edward Melton,Non-binary,Southeast,Loyalty,2023-05-22
C11642,Michelle Barnes,Female,West,Loyalty,2023-11-28
C11643,Randy Griffin,Male,Midwest,Loyalty,2025-03-05
C11644,David Anderson,Non-binary,West,New,2023-06-26
C11645,Lisa King,Female,Northeast,Loyalty,2024-07-03
C11646,Scott Stephens,Male,Northeast,New,2022-09-11
C11647,Sonya Young,Female,Southeast,Loyalty,2025-01-09
C11648,John Ortiz,Male,Online-only,New,2022-12-27
C11649,Kyle Sanchez,Male,West,Loyalty,2024-11-10
C11650,Lisa Grant,Female,West,Returning,2025-12-20
C11651,Amber Hernandez,Female,Southeast,New,2025-04-13
C11652,Benjamin Nash,Non-binary,Midwest,Returning,2025-05-03
C11653,Ryan Evans,Male,Northeast,Returning,2026-05-08
C11654,Anthony Butler,Male,Online-only,Loyalty,2023-05-21
C11655,Emily Carr,Non-binary,Midwest,New,2025-06-08
C11656,Linda Cobb,Female,West,New,2023-05-20
C11657,Jordan Riley,Female,Northeast,Returning,2026-05-24
C11658,Anna Evans,Female,Midwest,New,2024-02-23
C11659,James Jones,Male,Midwest,Loyalty,2024-05-18
C11660,Joshua Carter,Male,West,Returning,2023-03-18
C11661,Michael Hill,Male,Midwest,Returning,2024-10-11
C11662,Joseph Dominguez,Male,Midwest,Loyalty,2025-02-12
C11663,Daniel Blair,Non-binary,Southeast,New,2025-03-09
C11664,William Webb,Male,Southeast,Loyalty,2025-06-04
C11665,Taylor Andersen,Female,Northeast,Returning,2023-10-27
C11666,Lisa Stewart,Female,Southeast,Returning,2024-10-09
C11667,Wanda Gomez,Non-binary,West,Loyalty,2023-03-11
C11668,Justin Stone,Male,Online-only,Returning,2025-03-13
C11669,Johnathan White,Male,West,Returning,2025-02-08
C11670,Michael Krause,Male,Northeast,Returning,2022-09-05
C11671,Allison Garrett,Female,Northeast,New,2023-02-22
C11672,Melanie Marsh,Non-binary,Online-only,Loyalty,2026-08-31
C11673,Jennifer Cook,Female,Northeast,Returning,2024-11-29
C11674,Marcia Smith,Female,Southeast,Returning,2023-06-23
C11675,Diane Tyler,Female,Northeast,Returning,2023-11-26
C11676,Jonathon Nguyen,Male,Midwest,Loyalty,2022-09-11
C11677,Gina Peterson,Non-binary,Midwest,Returning,2025-07-26
C11678,Luis Johnson,Male,West,Returning,2023-05-17
C11679,Gary Morgan,Male,Midwest,Returning,2025-05-11
C11680,Sydney Robles,Female,Southeast,New,2025-04-02
C11681,John Burton,Male,West,Returning,2026-03-28
C11682,Kimberly Rogers,Female,Midwest,Loyalty,2025-10-21
C11683,Jennifer Newton,Female,Southeast,New,2026-01-04
C11684,Elizabeth Hardy,Female,Online-only,New,2023-12-07
C11685,Joshua Clark,Male,Southeast,Returning,2025-05-30
C11686,Rebecca Barron,Female,Online-only,Returning,2024-02-01
C11687,Tara Ramirez,Non-binary,Midwest,New,2022-10-18
C11688,Tonya Sims,Non-binary,Online-only,Returning,2026-01-14
C11689,Laura Price,Female,Northeast,Loyalty,2025-01-18
C11690,Sharon Walton,Female,Southeast,Returning,2025-06-28
C11691,Ernest Johnson,Male,Northeast,Returning,2024-04-29
C11692,Kathleen Young,Female,West,New,2024-06-23
C11693,Stephanie Robinson,Non-binary,Southeast,New,2023-11-18
C11694,Ashley Glover,Female,Online-only,Loyalty,2025-10-12
C11695,Susan Wallace,Female,Online-only,Loyalty,2022-10-09
C11696,John Porter,Male,Northeast,Loyalty,2023-06-07
C11697,Thomas Oconnor,Male,Northeast,Returning,2024-10-06
C11698,Kimberly Thomas,Non-binary,Online-only,Returning,2026-02-26
C11699,Rodney Hurley,Male,Southeast,New,2025-05-18
C11700,Brandi Hardy,Female,Online-only,Returning,2024-07-04
C11701,Jennifer Boyd,Non-binary,Northeast,Returning,2022-09-09
C11702,Sarah Mcdaniel,Non-binary,Midwest,Loyalty,2025-01-17
C11703,Brandon Owens,Male,Southeast,Returning,2022-11-09
C11704,Abigail Hopkins,Non-binary,Online-only,Returning,2023-12-03
C11705,Kenneth Collins,Male,West,Returning,2026-03-28
C11706,Frank Lee,Male,Southeast,Returning,2023-10-11
C11707,Emma Alexander,Female,Northeast,Loyalty,2023-02-21
C11708,Chase Hill,Male,West,Loyalty,2022-09-25
C11709,Marcus Palmer,Male,Online-only,Returning,2023-07-01
C11710,Hayley Flores,Female,Northeast,New,2023-03-28
C11711,Michael Campbell,Male,Northeast,Loyalty,2023-08-26
C11712,Charles Austin,Non-binary,West,Returning,2024-01-10
C11713,Scott Anderson,Non-binary,Southeast,New,2024-07-21
C11714,Megan Rodriguez,Female,Southeast,Returning,2022-11-20
C11715,Jeffery White,Male,Northeast,Loyalty,2025-01-20
C11716,Kevin Huff,Male,West,Returning,2025-06-20
C11717,Luis Edwards,Male,Midwest,New,2025-12-09
C11718,Micheal Lambert,Male,Southeast,Returning,2024-10-20
C11719,Valerie Campos,Female,Online-only,Loyalty,2024-07-13
C11720,Carlos Hess,Male,West,Loyalty,2026-05-07
C11721,John Bryant,Male,Northeast,Loyalty,2025-05-29
C11722,Michael Marshall,Male,Online-only,Returning,2023-08-07
C11723,Courtney Callahan,Female,Online-only,Loyalty,2025-02-19
C11724,Thomas Myers,Male,Southeast,New,2025-06-20
C11725,Maurice Mccormick,Male,West,Returning,2026-03-14
C11726,Shawn Johnson,Non-binary,Midwest,Returning,2024-07-27
C11727,Heather Murray,Female,Midwest,Returning,2023-05-10
C11728,Patricia Munoz,Female,Online-only,New,2023-03-07
C11729,Dakota Roth,Non-binary,Southeast,Returning,2025-11-09
C11730,Mark Banks,Non-binary,Southeast,Loyalty,2025-11-02
C11731,Kim Morales,Female,Northeast,Returning,2024-04-28
C11732,Lisa Kelley,Female,West,Returning,2026-07-25
C11733,James Peterson,Male,Midwest,Returning,2025-12-04
C11734,Leslie Mueller,Female,West,Loyalty,2024-05-30
C11735,Richard Stephens,Male,West,Returning,2023-08-13
C11736,Elaine Miller,Non-binary,Northeast,Loyalty,2026-05-24
C11737,Audrey Tucker,Non-binary,Northeast,Returning,2025-01-14
C11738,Joel Peters,Male,Northeast,Returning,2025-12-16
C11739,Christopher Blanchard,Male,Online-only,New,2022-12-13
C11740,Ashley Cervantes,Female,West,Loyalty,2025-10-03
C11741,James Snyder,Male,West,New,2025-04-23
C11742,Ann Montoya,Female,West,Returning,2026-03-21
C11743,Stephanie Fields,Female,Midwest,Returning,2022-09-03
C11744,Dwayne Hernandez,Non-binary,West,New,2024-10-17
C11745,Peter Lane,Non-binary,Southeast,Loyalty,2023-06-15
C11746,Melanie Stewart,Female,Midwest,Returning,2024-12-13
C11747,Thomas Torres,Male,Northeast,New,2026-06-11
C11748,Jessica Haas,Female,Southeast,Returning,2024-01-18
C11749,Brandon Smith,Male,Southeast,New,2026-08-13
C11750,Jared Anderson,Male,Online-only,New,2023-11-06
C11751,Jaclyn Dunn,Female,Northeast,Returning,2022-11-19
C11752,Michael Hoover,Male,Midwest,New,2024-02-09
C11753,Scott Glenn,Male,Southeast,Returning,2023-08-12
C11754,Michael Long,Male,Midwest,Returning,2023-12-11
C11755,Patrick James,Non-binary,Midwest,New,2024-11-06
C11756,Elaine Wells,Non-binary,Southeast,Returning,2023-06-04
C11757,James Middleton,Male,Northeast,New,2026-01-11
C11758,Brittany Bright,Female,Northeast,Loyalty,2025-05-08
C11759,Dennis Jones,Non-binary,West,Returning,2022-09-25
C11760,Mikayla Tucker,Female,Northeast,Returning,2024-06-01
C11761,William Miller,Male,Northeast,Returning,2025-03-28
C11762,Robert Bryant,Non-binary,Midwest,Returning,2025-10-28
C11763,Larry Simmons,Male,West,Returning,2023-05-23
C11764,Katrina Arnold,Female,Northeast,Returning,2024-06-21
C11765,Heather Lopez,Female,Online-only,Loyalty,2025-02-01
C11766,Kenneth Bradford,Male,West,New,2023-08-14
C11767,Jonathan Jenkins,Male,Northeast,Returning,2024-11-08
C11768,Holly Good,Female,Southeast,Returning,2024-12-10
C11769,Michael Wilson,Male,West,Returning,2024-08-06
C11770,Melissa Thomas,Female,Midwest,Loyalty,2025-08-05
C11771,Tonya Terrell,Non-binary,Online-only,Returning,2025-10-14
C11772,Steven Miller,Non-binary,Online-only,Loyalty,2026-03-25
C11773,Ann Kennedy,Female,Midwest,Loyalty,2025-08-20
C11774,Toni Miller,Female,Midwest,Loyalty,2025-03-16
C11775,Rebecca Edwards,Female,Online-only,Returning,2022-11-19
C11776,Greg Osborne,Male,Midwest,Returning,2024-07-18
C11777,Jose Harrison,Male,West,Loyalty,2025-08-09
C11778,Jason Yu,Male,West,Loyalty,2025-11-11
C11779,Donna Johnson,Female,Northeast,Returning,2026-05-12
C11780,Nicole Acosta,Female,West,New,2024-12-04
C11781,Bryan Kennedy,Non-binary,Online-only,Returning,2023-05-07
C11782,Amber Mooney,Female,Southeast,Loyalty,2025-11-26
C11783,Marcus Mitchell,Male,Northeast,New,2023-01-01
C11784,Kathy York,Female,Southeast,New,2023-10-13
C11785,Brandi Campbell,Female,Midwest,Returning,2026-02-06
C11786,Alexis Rodriguez,Female,Northeast,Returning,2023-05-15
C11787,Kevin Hernandez,Male,West,Returning,2024-06-16
C11788,Rhonda Green,Female,West,New,2025-06-22
C11789,Kari Lloyd,Female,Online-only,Returning,2026-02-12
C11790,Grant Miller,Male,West,Returning,2023-04-02
C11791,Timothy Moore,Male,Northeast,Returning,2024-08-27
C11792,Victoria Townsend,Non-binary,Online-only,Returning,2023-08-16
C11793,Jeremiah Walsh,Male,Online-only,New,2023-07-07
C11794,Jessica Reed,Non-binary,Southeast,Returning,2025-03-28
C11795,Nicole Wilson,Female,Midwest,New,2023-05-05
C11796,Raymond Turner,Non-binary,West,Loyalty,2025-08-27
C11797,Nicole Patel,Female,Northeast,New,2024-03-10
C11798,Michele Wells,Female,Southeast,Returning,2023-04-02
C11799,Monica Smith,Non-binary,West,Returning,2026-05-18
C11800,Jerry Gregory,Male,Northeast,New,2026-07-08
C11801,Melanie Williams,Female,West,Returning,2026-05-04
C11802,Marcia Blanchard,Female,Southeast,New,2024-05-25
C11803,Thomas Garrison,Male,Southeast,Loyalty,2024-01-05
C11804,Debra Garcia,Female,Northeast,Returning,2025-04-15
C11805,Jeanne Mejia,Female,Southeast,New,2025-08-31
C11806,Nicholas Chapman,Male,Online-only,Returning,2023-06-14
C11807,Gail Vaughn,Female,West,Loyalty,2023-05-23
C11808,Joshua Chambers,Male,Northeast,Loyalty,2025-12-30
C11809,Alexander Davis,Non-binary,Southeast,Returning,2023-02-01
C11810,Jill Robinson,Female,West,Loyalty,2023-10-21
C11811,Corey Johnson,Male,Northeast,New,2023-01-15
C11812,Todd Douglas,Male,West,Returning,2026-01-04
C11813,Tiffany Little,Female,Southeast,New,2025-07-02
C11814,David Gates,Non-binary,Online-only,Returning,2023-03-11
C11815,Mary Yoder,Female,Northeast,Loyalty,2024-12-07
C11816,Tracy Kemp,Female,Northeast,Loyalty,2025-06-14
C11817,David Owens,Male,Southeast,New,2026-05-31
C11818,Margaret Livingston,Female,Midwest,Loyalty,2023-10-11
C11819,Jessica Berger,Female,Southeast,New,2025-10-01
C11820,Erica Martin,Female,Northeast,Returning,2022-12-20
C11821,Kimberly Reyes,Non-binary,Northeast,Returning,2024-01-01
C11822,Brian Sosa,Non-binary,Southeast,New,2023-09-24
C11823,Jessica Vasquez,Female,Midwest,New,2026-05-20
C11824,Lisa White,Female,West,Returning,2024-08-21
C11825,Charles Mack,Male,Northeast,New,2023-07-18
C11826,Maria Gaines,Female,Northeast,New,2025-07-13
C11827,Brian Jones,Male,Southeast,Returning,2024-12-15
C11828,John Griffin,Non-binary,West,Returning,2026-04-03
C11829,Charles Bowman,Male,West,Returning,2026-05-27
C11830,Matthew Adams,Male,West,Returning,2025-06-21
C11831,Rebecca Andrews,Non-binary,Northeast,Loyalty,2024-09-24
C11832,Todd Henry,Male,Midwest,New,2024-05-31
C11833,Ryan Norman,Male,Northeast,Returning,2025-10-23
C11834,Joshua Smith,Male,Midwest,Loyalty,2026-06-27
C11835,Robert Olson,Male,Online-only,Returning,2024-12-09
C11836,Taylor Howard,Female,Southeast,Returning,2025-05-25
C11837,Jennifer Chen,Female,West,Loyalty,2026-07-03
C11838,Brandon Nichols,Male,Midwest,New,2026-07-06
C11839,Angela Stevens,Female,Southeast,Returning,2025-09-26
C11840,Matthew Thompson,Male,Southeast,Returning,2022-10-30
C11841,Patrick Lee,Non-binary,Northeast,New,2025-06-14
C11842,Stephanie Mccoy,Female,Southeast,Returning,2024-02-09
C11843,Angela Chen,Female,Midwest,Returning,2025-08-11
C11844,Charles Lee,Male,Southeast,New,2025-07-19
C11845,Kevin Burns,Male,Online-only,Returning,2022-12-03
C11846,Kimberly Parker,Female,Northeast,Returning,2024-10-21
C11847,Roy Cole,Male,West,Returning,2026-08-26
C11848,Amanda Brown,Female,Midwest,New,2025-10-27
C11849,Amanda Wilson,Female,West,Returning,2025-11-24
C11850,Michael Ellis,Male,Northeast,Returning,2025-05-19
C11851,Shelly Hernandez,Female,Midwest,Loyalty,2024-12-26
C11852,Tim Johnson,Male,Southeast,Returning,2023-03-28
C11853,Desiree Ruiz,Non-binary,Northeast,Loyalty,2026-05-05
C11854,Angel Haynes,Male,Southeast,Returning,2023-03-12
C11855,Carrie Williams,Female,Northeast,Loyalty,2023-11-25
C11856,Laura Bryant,Non-binary,Online-only,Returning,2023-05-10
C11857,Leslie Meyers,Female,West,Returning,2023-02-05
C11858,Jonathan Lloyd,Male,Midwest,Returning,2023-07-22
C11859,Linda Simmons,Non-binary,Midwest,New,2025-11-30
C11860,Vickie Gregory,Female,Southeast,Loyalty,2023-12-20
C11861,Vanessa Johnston,Female,Online-only,Loyalty,2023-03-22
C11862,Sara Mcguire,Female,Online-only,Returning,2025-09-22
C11863,Brittany Rogers,Non-binary,Online-only,Returning,2023-02-26
C11864,Charles Perry,Male,Online-only,New,2025-06-15
C11865,Angela Gonzales,Non-binary,Online-only,New,2026-05-16
C11866,Billy Garcia,Non-binary,West,Returning,2026-01-22
C11867,Lisa Strickland,Female,Online-only,New,2022-09-25
C11868,Tony Smith,Non-binary,Southeast,Returning,2023-05-22
C11869,Brandon Pearson,Male,Southeast,Returning,2026-03-20
C11870,Jason Aguirre,Male,West,Returning,2025-10-04
C11871,Michael Harris,Male,Midwest,Loyalty,2025-03-25
C11872,Kelly Jenkins,Female,West,New,2026-06-03
C11873,Leroy Johnson,Male,Northeast,New,2023-05-23
C11874,Kathryn Clements,Female,Northeast,Loyalty,2025-03-06
C11875,Richard Bailey,Male,Online-only,New,2022-09-09
C11876,David Wilson,Male,West,Returning,2024-10-16
C11877,Brendan Cox,Male,Online-only,Returning,2025-09-18
C11878,Joshua Robinson,Male,West,Returning,2025-10-01
C11879,Matthew Hill,Male,Midwest,Returning,2023-06-12
C11880,Rebecca Jennings,Female,Southeast,Returning,2026-07-18
C11881,Kara Thompson,Female,Midwest,Loyalty,2025-05-08
C11882,Andrew Newman,Male,West,New,2023-10-24
C11883,Ryan Cook,Non-binary,Midwest,New,2025-11-21
C11884,Olivia Williams,Female,Midwest,Returning,2025-08-19
C11885,Tammy Thompson,Female,Midwest,Loyalty,2025-10-23
C11886,Karina Wilson,Female,Northeast,Returning,2026-04-01
C11887,Mikayla Watkins,Female,Midwest,New,2023-12-22
C11888,James Rhodes,Non-binary,Northeast,Returning,2023-12-22
C11889,Peggy Nguyen,Female,West,Returning,2023-01-24
C11890,Joan Kane,Non-binary,Southeast,New,2024-03-04
C11891,Connie Ruiz,Female,Midwest,New,2024-08-10
C11892,Steve Thomas,Male,Midwest,Returning,2026-05-19
C11893,Jordan Hughes,Female,Midwest,Loyalty,2023-03-21
C11894,Michelle Chen,Female,Southeast,New,2026-07-28
C11895,James Martinez,Non-binary,West,Returning,2025-06-09
C11896,Brian Taylor,Non-binary,Southeast,Returning,2026-01-28
C11897,Stephen Jackson,Non-binary,Northeast,New,2024-01-17
C11898,Stacey Munoz,Female,West,Returning,2025-10-29
C11899,Margaret Carr,Female,Midwest,New,2023-05-09
C11900,Tracy Wyatt,Female,Online-only,New,2023-01-07
C11901,Scott Burns,Male,West,New,2026-08-26
C11902,Leslie Hood,Female,Northeast,New,2023-10-15
C11903,Nicholas Fitzgerald,Male,Online-only,Returning,2023-08-29
C11904,Garrett Riley,Male,Southeast,New,2026-03-28
C11905,Kevin Hernandez,Male,Midwest,Loyalty,2024-12-18
C11906,Abigail Baird,Female,Southeast,New,2022-10-31
C11907,John Mack,Male,Midwest,Loyalty,2022-10-22
C11908,Joseph Mendoza,Male,West,Returning,2025-11-11
C11909,Roberto Chavez,Male,Southeast,Returning,2023-08-20
C11910,Justin Smith,Male,Northeast,Returning,2025-08-06
C11911,Tiffany Anderson,Female,Northeast,New,2023-11-08
C11912,Maria Davis,Female,Northeast,Returning,2024-08-03
C11913,Eric Warner,Male,Southeast,Returning,2026-02-06
C11914,Julie Johnson,Non-binary,Southeast,Returning,2024-06-28
C11915,Raymond Sawyer,Male,Midwest,New,2024-04-16
C11916,Richard Wood,Male,Northeast,Loyalty,2024-07-11
C11917,Mark Dalton,Male,Southeast,Returning,2022-12-15
C11918,Patricia Cook,Non-binary,West,New,2022-10-20
C11919,Ronald Nelson,Non-binary,West,Loyalty,2026-06-15
C11920,Joshua Norton,Male,West,Returning,2025-10-27
C11921,Angela Gilmore,Female,Southeast,New,2025-08-12
C11922,Amy Dougherty,Female,Southeast,Returning,2025-05-14
C11923,Stephen Rodriguez,Male,West,Returning,2024-02-18
C11924,Christine Diaz,Non-binary,West,Returning,2023-05-16
C11925,Justin Jones,Male,Southeast,New,2025-07-04
C11926,Christine Zavala,Female,West,New,2023-08-17
C11927,Ashley Mendoza,Female,Midwest,Returning,2026-06-05
C11928,Lauren Haley,Female,Northeast,Returning,2023-07-06
C11929,Patrick Perez,Male,Northeast,Returning,2024-01-30
C11930,Debra Frazier,Female,Online-only,Returning,2023-10-12
C11931,Arthur Reed,Male,Online-only,Returning,2024-08-12
C11932,Kelsey Martinez,Female,Northeast,Returning,2025-07-05
C11933,Michael Patel,Male,West,Loyalty,2023-11-03
C11934,Christine Marsh,Non-binary,West,New,2026-06-14
C11935,Rhonda Everett,Female,West,New,2022-12-07
C11936,Steven Ellis,Male,West,New,2022-12-29
C11937,Steven Roberts,Male,Online-only,New,2026-06-30
C11938,Brian Hill,Male,West,Returning,2025-06-16
C11939,Kathleen Golden,Female,Southeast,Loyalty,2024-10-02
C11940,Lori Carter,Female,West,Returning,2026-07-19
C11941,Kimberly Anderson,Female,Online-only,New,2024-01-22
C11942,Jill Newman,Female,Northeast,New,2023-11-02
C11943,Arthur Wiggins,Male,West,New,2023-08-08
C11944,Travis Newman,Male,Northeast,Returning,2024-04-26
C11945,Grant Lucas,Male,Northeast,Returning,2023-12-23
C11946,Kevin Terry,Male,West,New,2026-01-14
C11947,Jill Torres,Female,Northeast,Returning,2023-03-14
C11948,Richard Jackson,Male,Northeast,Returning,2023-09-17
C11949,Kari Arellano,Female,Online-only,Returning,2025-09-30
C11950,Amber Gomez,Female,Northeast,Returning,2024-06-29
C11951,Christopher Glass,Male,Midwest,Returning,2025-07-08
C11952,Dustin Mcpherson,Male,Midwest,Returning,2026-01-10
C11953,Melissa Estrada,Female,Midwest,New,2023-04-15
C11954,David Williams,Male,Northeast,Returning,2023-12-09
C11955,Beth Green,Female,Southeast,Returning,2023-05-30
C11956,Kristina Johnson,Female,West,Loyalty,2023-12-09
C11957,Hailey Watson,Female,Southeast,Loyalty,2024-10-30
C11958,Carla Turner,Female,Northeast,Returning,2026-05-08
C11959,Jennifer Porter,Female,West,New,2023-04-03
C11960,Judith Flores,Female,Online-only,Returning,2022-09-09
C11961,Nancy Cantrell,Female,West,Loyalty,2023-12-30
C11962,Michele Wells,Female,Midwest,Loyalty,2023-10-31
C11963,Tony Hooper,Male,West,New,2024-12-18
C11964,Charles Cunningham,Male,Northeast,Loyalty,2026-04-19
C11965,Jeremy Norris,Male,Midwest,New,2025-08-06
C11966,Rachel Taylor,Non-binary,West,Returning,2024-11-15
C11967,Eric Morales,Male,Online-only,New,2026-01-12
C11968,Jill Davis,Female,Northeast,Loyalty,2022-11-22
C11969,Margaret Silva,Female,Southeast,New,2023-07-24
C11970,Shari Ramirez,Non-binary,Midwest,Returning,2022-10-05
C11971,Amanda Griffin,Non-binary,Northeast,Returning,2025-05-10
C11972,Anita Hunt,Female,Northeast,New,2023-06-13
C11973,Emily Jacobs,Female,Midwest,Loyalty,2026-06-11
C11974,Susan Ward,Female,Southeast,Returning,2023-04-07
C11975,Sarah Wood,Female,Northeast,New,2024-02-29
C11976,Dominique Bell,Female,West,New,2026-07-31
C11977,Nancy Miller,Non-binary,Northeast,Returning,2025-07-31
C11978,Jill Riddle,Female,Northeast,Returning,2025-11-19
C11979,Keith Shaffer,Non-binary,Southeast,Loyalty,2026-07-20
C11980,Jeff Mosley,Male,Southeast,Loyalty,2023-03-25
C11981,Kevin Miller,Male,Southeast,Loyalty,2023-07-03
C11982,Thomas Dillon,Non-binary,Midwest,Returning,2026-08-13
C11983,Austin Choi,Male,West,Returning,2025-09-10
C11984,Ann Ortiz,Female,Northeast,New,2026-04-30
C11985,Jason Peters,Male,Northeast,Returning,2025-07-05
C11986,Pedro Taylor,Male,Midwest,Loyalty,2023-06-01
C11987,Jane Spencer,Female,Northeast,Loyalty,2022-11-03
C11988,Margaret Davenport,Non-binary,Southeast,New,2023-11-20
C11989,Justin Ford,Male,Northeast,New,2022-10-12
C11990,April Baker,Female,West,Returning,2026-06-29
C11991,Sandra Kennedy,Female,Southeast,Loyalty,2025-04-14
C11992,Steven Butler,Male,West,New,2024-08-21
C11993,Melissa Sanchez,Female,Midwest,Returning,2023-02-24
C11994,Donald Gamble,Male,West,New,2022-12-09
C11995,Patrick Perkins,Male,West,Returning,2024-12-06
C11996,Sheena Burton,Female,West,Loyalty,2024-07-29
C11997,Melissa Wilson,Female,Southeast,Returning,2024-09-20
C11998,Kenneth Bruce,Male,Northeast,Returning,2023-04-28
C11999,Amy Flores,Female,West,Loyalty,2026-03-08
C12000,Derek Martin,Non-binary,Midwest,Returning,2023-10-06
C12001,Jason Barr,Male,Southeast,New,2024-02-04
C12002,Dylan Moreno,Male,West,Loyalty,2026-06-01
C12003,Jose Miranda,Male,Midwest,New,2023-05-28
C12004,Anna Goodwin,Female,Northeast,Returning,2024-11-04
C12005,Shane Serrano,Male,Midwest,Returning,2025-05-30
C12006,Eric Jennings,Male,Northeast,Returning,2025-06-03
C12007,Cody Carpenter,Non-binary,Northeast,Loyalty,2025-12-18
C12008,Adam Holmes,Male,Midwest,New,2024-02-29
C12009,John Peterson,Male,West,Returning,2026-04-24
C12010,Ashley Moore,Female,Southeast,Returning,2023-07-22
C12011,Chelsea Prince,Female,Southeast,New,2025-02-14
C12012,Ronald Fox,Male,Northeast,Returning,2024-10-18
C12013,Juan Avila,Male,Southeast,New,2023-02-16
C12014,Joe Jones,Male,Midwest,New,2025-12-11
C12015,Thomas Mendoza,Male,Northeast,Loyalty,2023-12-01
C12016,Jack Montoya,Male,Northeast,Returning,2026-03-25
C12017,Kyle Gallagher,Male,West,Returning,2024-01-15
C12018,Michelle Johnson,Female,Northeast,New,2025-12-05
C12019,Jeffrey Vincent,Non-binary,Northeast,New,2023-03-29
C12020,Darrell Martinez,Male,Midwest,New,2023-03-12
C12021,Angela Vazquez,Female,Northeast,Returning,2025-10-21
C12022,Billy Hampton,Male,West,Returning,2025-09-12
C12023,Brad Rodriguez,Non-binary,Online-only,Returning,2025-11-03
C12024,William Brown,Non-binary,Online-only,New,2023-02-23
C12025,Johnny Jones,Non-binary,Midwest,Loyalty,2025-05-04
C12026,Karen Patton,Non-binary,Midwest,Returning,2026-05-08
C12027,Christine Santana,Female,West,Returning,2023-05-30
C12028,Gregory Davis,Male,Southeast,Returning,2026-01-19
C12029,Tom Rush,Male,Online-only,Returning,2024-01-23
C12030,Christopher Mason,Male,Online-only,Loyalty,2025-08-01
C12031,David Hudson,Male,Online-only,New,2023-01-25
C12032,Kenneth Smith,Male,West,Returning,2023-07-16
C12033,Corey Campbell,Male,Midwest,Returning,2026-04-11
C12034,Kimberly Beltran,Female,Midwest,New,2023-01-25
C12035,Jason Gordon,Non-binary,West,Returning,2025-07-02
C12036,Jacob Lawrence,Male,Online-only,New,2024-06-05
C12037,Tina White,Female,Southeast,Loyalty,2024-02-03
C12038,Jamie Lewis,Female,Midwest,Returning,2023-08-01
C12039,Brian Rollins,Male,Online-only,Returning,2023-03-02
C12040,Ashley Taylor,Female,Online-only,Returning,2025-09-19
C12041,Michael Hawkins,Male,Online-only,Returning,2022-11-01
C12042,Erin Wilson,Female,West,Returning,2023-10-22
C12043,Lindsay Collins,Female,Online-only,New,2026-07-29
C12044,Jill Spencer,Female,Midwest,Returning,2023-11-01
C12045,Savannah Lopez,Female,West,Returning,2022-12-13
C12046,Maureen Alvarez,Non-binary,West,Loyalty,2025-05-21
C12047,Cassie Lutz,Female,West,Returning,2024-08-20
C12048,Ashley Kim,Female,Midwest,Loyalty,2025-04-21
C12049,Angela Thomas,Female,Online-only,New,2024-04-09
C12050,Leslie Garcia,Female,Midwest,New,2026-05-15
C12051,Vanessa Brown,Female,Northeast,Returning,2026-07-27
C12052,Gina Larson,Female,Midwest,Loyalty,2026-08-19
C12053,Bryan Massey,Male,Online-only,New,2025-07-27
C12054,Diana Reeves,Female,West,Returning,2024-12-30
C12055,Joshua Clarke,Non-binary,Online-only,Returning,2025-03-30
C12056,James Alvarez,Male,Southeast,Loyalty,2025-01-30
C12057,Richard Washington,Non-binary,West,New,2023-10-15
C12058,Patricia Rodriguez,Female,Southeast,Returning,2023-09-04
C12059,Tyler Fuller,Non-binary,Midwest,New,2023-03-18
C12060,Cory Brown,Non-binary,West,Returning,2022-12-11
C12061,Megan Stanton,Female,Midwest,Returning,2024-03-14
C12062,Meghan Hernandez,Female,Northeast,Loyalty,2025-02-27
C12063,Anne Jones,Female,Northeast,Loyalty,2025-09-04
C12064,Patricia Sparks,Female,Online-only,New,2023-06-24
C12065,Matthew Henry,Male,Southeast,Returning,2023-09-20
C12066,Greg Heath,Male,Northeast,New,2024-11-09
C12067,Tiffany Johnson,Female,Southeast,Loyalty,2024-05-23
C12068,Robin Reyes,Non-binary,Online-only,Returning,2023-12-06
C12069,James Stevens,Male,Midwest,Returning,2022-10-20
C12070,Kristin Dalton,Female,Northeast,New,2023-11-19
C12071,Michael Henry,Male,West,Returning,2023-03-18
C12072,Michelle Freeman,Female,Southeast,Returning,2023-02-09
C12073,Megan Keller,Female,Midwest,Returning,2025-05-30
C12074,Ashley Alvarez,Non-binary,West,Returning,2026-02-01
C12075,Katie Myers,Female,Midwest,Loyalty,2024-08-25
C12076,Tricia Jensen,Female,Northeast,New,2024-01-31
C12077,William Flores,Male,Southeast,Returning,2022-10-14
C12078,Amanda Hood,Female,Northeast,Returning,2024-01-25
C12079,Patrick Johnson,Male,West,New,2026-03-27
C12080,Matthew Davis,Non-binary,Southeast,Loyalty,2024-01-19
C12081,Hunter Bell,Male,Northeast,New,2025-04-25
C12082,Danielle Wong,Female,Midwest,Returning,2025-01-15
C12083,Susan Jones,Female,Northeast,Returning,2023-11-22
C12084,Gail Smith,Female,West,Loyalty,2023-12-23
C12085,Joel Boyer,Male,Southeast,Returning,2024-12-10
C12086,Steven Adams,Male,Midwest,New,2025-06-15
C12087,Leah Odom,Female,Southeast,Returning,2024-03-07
C12088,James Armstrong,Male,Online-only,Loyalty,2025-11-26
C12089,Brett Leonard,Male,Northeast,Returning,2024-01-06
C12090,Wesley Hubbard,Non-binary,Southeast,Returning,2024-01-11
C12091,Lucas Cox,Male,Online-only,Loyalty,2024-05-31
C12092,Tyler Boone,Non-binary,West,Loyalty,2025-10-26
C12093,Ryan Herrera,Male,Southeast,New,2023-10-27
C12094,Anthony Davies,Male,Online-only,New,2024-04-11
C12095,Jeremiah Newton,Non-binary,Northeast,New,2023-01-15
C12096,Megan Davis,Non-binary,West,Returning,2024-01-07
C12097,Andrea Solis,Female,Southeast,Returning,2024-07-27
C12098,Daniel Flynn,Male,Midwest,New,2025-04-11
C12099,Elizabeth Brock,Female,Northeast,New,2024-05-27
C12100,Joshua Gonzalez,Male,West,Loyalty,2024-04-12
C12101,Colleen Chavez,Non-binary,Southeast,Returning,2025-09-21
C12102,Henry Smith,Non-binary,Midwest,Loyalty,2025-06-25
C12103,Shari Ray,Female,Southeast,Returning,2023-07-10
C12104,Victor Harmon,Male,Southeast,Returning,2024-07-16
C12105,Teresa Patel,Female,Southeast,Returning,2025-02-16
C12106,Randy Hamilton,Male,Online-only,New,2024-12-07
C12107,Mark Boyd,Male,West,Returning,2024-02-16
C12108,Charles Hernandez,Male,Southeast,Loyalty,2025-05-30
C12109,Eric Graham,Male,West,Returning,2023-12-12
C12110,Maria Brown,Non-binary,Midwest,New,2023-06-27
C12111,Jennifer Colon,Female,Midwest,Loyalty,2025-04-03
C12112,Dawn Burke,Female,Northeast,Loyalty,2024-04-17
C12113,Brian Lee,Male,Northeast,Returning,2023-08-27
C12114,Samantha Marshall,Female,Southeast,Returning,2024-11-28
C12115,Ryan Lucas,Non-binary,West,New,2022-10-27
C12116,Christopher Taylor,Male,West,Returning,2023-09-15
C12117,Robert Hopkins,Male,Northeast,Loyalty,2023-05-17
C12118,Melissa Stuart,Non-binary,Southeast,Returning,2024-08-12
C12119,Alejandro Heath,Male,Southeast,Loyalty,2023-01-03
C12120,Kyle Camacho,Male,Southeast,Loyalty,2026-04-09
C12121,Jason Cox,Male,Northeast,Returning,2025-04-19
C12122,Ann Hahn,Female,Southeast,Returning,2025-07-26
C12123,Charles Rodriguez,Male,Northeast,Loyalty,2025-08-10
C12124,Timothy Boyd,Male,Online-only,New,2025-12-26
C12125,Tiffany Huynh,Female,Midwest,Returning,2023-09-05
C12126,Stacey Young,Female,West,Returning,2023-02-28
C12127,Renee Murphy,Female,Southeast,Returning,2025-01-03
C12128,Jean Goodman,Female,West,New,2023-08-13
C12129,Jenny Thomas,Female,Northeast,Returning,2023-05-16
C12130,Wayne Gonzales,Male,Southeast,New,2023-09-09
C12131,Leah Henry,Female,Southeast,Loyalty,2024-03-03
C12132,Tiffany Stewart,Female,Northeast,Returning,2024-05-13
C12133,Melanie Richmond,Female,Midwest,Loyalty,2026-03-09
C12134,Timothy Cox,Male,West,Returning,2025-07-13
C12135,Roberto Smith,Male,Midwest,Loyalty,2026-07-15
C12136,Lisa Skinner,Female,Southeast,Returning,2025-04-26
C12137,Teresa Vazquez,Female,Northeast,Returning,2025-10-28
C12138,David Tran,Male,Northeast,Returning,2023-11-28
C12139,Tina Cox,Female,West,Returning,2025-12-01
C12140,Bryan Camacho,Male,Northeast,New,2026-02-06
C12141,James Browning,Male,West,Loyalty,2024-03-29
C12142,Tiffany Scott,Non-binary,West,Loyalty,2023-01-12
C12143,Mackenzie Young,Non-binary,West,Returning,2023-07-07
C12144,Stefanie Moon,Female,Southeast,Loyalty,2025-03-12
C12145,Sherry Wang,Female,West,Loyalty,2024-04-18
C12146,Andrew Delacruz,Male,Southeast,Returning,2025-12-17
C12147,Todd Ruiz,Male,West,Loyalty,2024-04-27
C12148,Maureen Love,Non-binary,Midwest,Loyalty,2026-03-06
C12149,Robert Holloway,Male,West,New,2025-06-18
C12150,Katie Bell,Female,Southeast,Loyalty,2025-01-29
C12151,Robert Rojas,Male,West,Returning,2024-06-25
C12152,Alexander Williams,Male,Northeast,New,2025-03-27
C12153,Lorraine Gibbs,Female,Northeast,Loyalty,2023-03-20
C12154,James Fuller,Male,Northeast,New,2023-12-05
C12155,Christopher Moore,Non-binary,Midwest,Returning,2024-09-25
C12156,Tracy Rivas,Female,Northeast,Returning,2025-09-21
C12157,Sarah Jennings,Female,West,Loyalty,2025-11-03
C12158,Luis Mendoza,Non-binary,Northeast,Loyalty,2025-08-11
C12159,Dean Mcdaniel,Male,West,New,2025-12-23
C12160,Robert Gonzalez,Male,West,Loyalty,2024-04-30
C12161,Hunter Walter,Non-binary,Southeast,New,2026-06-13
C12162,Nicole Walker,Non-binary,West,Returning,2026-06-18
C12163,Sandra Holland,Non-binary,Midwest,New,2025-03-05
C12164,Rebecca Mccann,Non-binary,West,Returning,2023-06-19
C12165,Michael Jackson,Male,Online-only,New,2024-04-10
C12166,Roy Green,Non-binary,Northeast,Returning,2023-01-11
C12167,Jacob Valentine,Male,Online-only,Loyalty,2023-02-21
C12168,Nathan Graham,Male,Southeast,Returning,2026-05-08
C12169,Jesse Nunez,Male,West,New,2023-02-23
C12170,Michelle Lee,Female,Online-only,Returning,2026-02-12
C12171,Kimberly Roberts,Non-binary,Southeast,New,2024-08-24
C12172,Bianca Gates,Female,Northeast,New,2025-01-26
C12173,Zachary Campbell,Male,Midwest,Returning,2025-05-18
C12174,Jennifer Ortiz,Female,Midwest,New,2023-04-04
C12175,Donna Green,Female,Midwest,Returning,2025-02-20
C12176,Terry Wood,Male,Midwest,Returning,2025-05-29
C12177,Jimmy Smith,Male,Southeast,Returning,2023-03-16
C12178,Frank Steele,Male,Northeast,New,2025-06-01
C12179,Micheal Erickson,Male,Online-only,Returning,2025-08-12
C12180,Dawn Davis,Female,Online-only,Returning,2022-11-27
C12181,Faith Young,Female,Southeast,Returning,2026-04-21
C12182,Yesenia Crosby,Female,Northeast,Returning,2026-07-16
C12183,Carmen Goodman,Non-binary,Online-only,Returning,2022-11-08
C12184,David Harvey,Male,Northeast,Loyalty,2023-11-18
C12185,Jennifer Wood,Female,Northeast,Loyalty,2026-07-17
C12186,Justin Carpenter,Male,Northeast,Loyalty,2023-09-18
C12187,Jonathan Conrad,Male,Southeast,Returning,2026-03-07
C12188,David Stewart,Non-binary,Midwest,Loyalty,2024-10-16
C12189,Charles Wilson,Male,Southeast,Returning,2022-11-06
C12190,Carl Savage,Male,Online-only,Returning,2026-01-03
C12191,Paul Howe,Male,West,New,2023-10-21
C12192,Sherri Austin,Female,Midwest,New,2025-09-18
C12193,Dennis Edwards,Male,Northeast,Returning,2026-03-29
C12194,Emily Vang,Female,Midwest,New,2025-09-21
C12195,Christian Farrell,Male,Southeast,Returning,2025-04-19
C12196,Robert Brown,Male,Southeast,Returning,2023-04-07
C12197,Crystal Johnson,Female,West,Returning,2023-09-17
C12198,Michael Graham,Male,West,New,2026-08-25
C12199,Timothy Williams,Male,Midwest,New,2024-02-05
C12200,Michelle Washington,Female,West,Returning,2024-08-22
